Nom exact,Fichier,Livre,Type,Crédit photo
"Abnhazer, l'oracle figé, celui qui ouvre les chemins de Sohar",Abnhazer_l_oracle_fige_celui_qui_ouvre_les_chemins_de_Sohar.png,Livre 0 - Néphilim Quintessence,Invocation de Chesed,Sony
Affranchissement de l'âme enfermée,Affranchissement_de_l_ame_enfermee.png,Livre 0 - Néphilim Quintessence,Formule de l'Œuvre au Blanc,u/not_that_guy_at_work
Ambre de la luxuriance végétale,Ambre_de_la_luxuriance_vegetale.png,Livre 0 - Néphilim Quintessence,Formule de l'Œuvre au Noir,Vincent Proce
Ambre du végétal dissimulé,Ambre_du_vegetal_dissimule.png,Livre 0 - Néphilim Quintessence,Formule de l'Œuvre au Noir,Laura Grace Weldon
Âme de la forêt,Ame_de_la_foret.png,Livre 0 - Néphilim Quintessence,Formule de l'Œuvre au Noir,Katherine Marie Bryant Warwick
Amitié lunaire,Amitie_lunaire.png,Livre 0 - Néphilim Quintessence,Sortilège de Haute magie,Euronews
Amnésie lunaire,Amnesie_lunaire.png,Livre 0 - Néphilim Quintessence,Sortilège de Haute magie,Lightspring/Shutterstock
"Archimodion, le nain contrefait, celui qui éloigne des chemins",Archimodion_le_nain_contrefait_celui_qui_eloigne_des_chemins.png,Livre 0 - Néphilim Quintessence,Invocation de Chesed,Velazquez
Armure invincible,Armure_invincible.png,Livre 0 - Néphilim Quintessence,Sortilège de Haute magie,Nicolas Dujols
Bénédiction féérique,Benediction_feerique.png,Livre 0 - Néphilim Quintessence,Sortilège de Haute magie,Selimaksan
Bouclier lunaire,Bouclier_lunaire.png,Livre 0 - Néphilim Quintessence,Sortilège de Haute magie,Shadow she-wolf 
Bouffée d'esprit,Bouffee_d_esprit.png,Livre 0 - Néphilim Quintessence,Formule de l'Œuvre au Noir,Simón Prades
Brume de l’oubli de l’inutile,Brume_de_l_oubli_de_l_inutile.png,Livre 0 - Néphilim Quintessence,Formule de l'Œuvre au Blanc,Silvia Guimaraens
Brume de révélation,Brume_de_revelation.png,Livre 0 - Néphilim Quintessence,Formule de l'Œuvre au Noir,Vashta Narada
Brume noire,Brume_noire.png,Livre 0 - Néphilim Quintessence,Sortilège de Basse magie,Firesign 24-7 (LDD)
Cache lumière,Cache_lumiere.png,Livre 0 - Néphilim Quintessence,Sortilège de Basse magie,Ubisoft
Calcination de la traversée suspendue,Calcination_de_la_traversee_suspendue.png,Livre 0 - Néphilim Quintessence,Formule de l'Œuvre au Noir,Diamond Painting Kits
Calcination des entraves,Calcination_des_entraves.png,Livre 0 - Néphilim Quintessence,Formule de l'Œuvre au Noir,Catalyst
Calcination des souvenirs vaporeux,Calcination_des_souvenirs_vaporeux.png,Livre 0 - Néphilim Quintessence,Formule de l'Œuvre au Noir,Nicole Lyons
Calcination du blason philosophal,Calcination_du_blason_philosophal.png,Livre 0 - Néphilim Quintessence,Formule de l'Œuvre au Noir,Paris Art
Celui qui se nourrit des rêves,Celui_qui_se_nourrit_des_reves.png,Livre 0 - Néphilim Quintessence,Invocation de Tiphereth,maxisciences.com
Ceux qui chassent la nuit,Ceux_qui_chassent_la_nuit.png,Livre 0 - Néphilim Quintessence,Invocation de Geburah,Wen - M
Ceux qui ferment la marche des esprits,Ceux_qui_ferment_la_marche_des_esprits.png,Livre 0 - Néphilim Quintessence,Invocation de Geburah,Esprit Spiritualité Métaphysiques
Ceux qui frappent les scorpions,Ceux_qui_frappent_les_scorpions.png,Livre 0 - Néphilim Quintessence,Invocation de Hod,Dnd Beyond
Ceux qui mâchent dans les profondeurs,Ceux_qui_machent_dans_les_profondeurs.png,Livre 0 - Néphilim Quintessence,Invocation de Yesod,MattDeMino
"Ceux qui murmurent, les esprits de la forêt de basalte",Ceux_qui_murmurent_les_esprits_de_la_foret_de_basalte.png,Livre 0 - Néphilim Quintessence,Invocation de Malkut,Heron - Prettygoodcomics
Ceux qui rampent et qui grignotent,Ceux_qui_rampent_et_qui_grignotent.png,Livre 0 - Néphilim Quintessence,Invocation de Malkut,James Ryman
Charbon de puissance métallique,Charbon_de_puissance_metallique.png,Livre 0 - Néphilim Quintessence,Formule de l'Œuvre au Noir,Sid Meiers Civilization VI
Coagulation éolienne du maistre astral,Coagulation_eolienne_du_maistre_astral.png,Livre 0 - Néphilim Quintessence,Formule de l'Œuvre au Blanc,Wallnit
Coagulation métallique de l'être,Coagulation_metallique_de_l_etre.png,Livre 0 - Néphilim Quintessence,Formule de l'Œuvre au Blanc,Elguaricho
Coagulation mystique de la déesse voilée,Coagulation_mystique_de_la_deesse_voilee.png,Livre 0 - Néphilim Quintessence,Formule de l'Œuvre au Blanc,WildArt-Book
Combustion spontanée,Combustion_spontanee.png,Livre 0 - Néphilim Quintessence,Sortilège de Haute magie,Bram Sels
Compréhension infuse,Comprehension_infuse.png,Livre 0 - Néphilim Quintessence,Sortilège de Basse magie,Syda Productions
Compréhension végétale,Comprehension_vegetale.png,Livre 0 - Néphilim Quintessence,Sortilège de Basse magie,Hex Sharpe
Congélation aqueuse,Congelation_aqueuse.png,Livre 0 - Néphilim Quintessence,Sortilège de Haute magie,Florian Colas
Corps brumeux,Corps_brumeux.png,Livre 0 - Néphilim Quintessence,Sortilège de Haute magie,istockphoto
Cri pyrétique,Cri_pyretique.png,Livre 0 - Néphilim Quintessence,Sortilège de Haute magie,freepik.com
"Daniel, le signe de la miséricorde, l'ange de confessions",Daniel_le_signe_de_la_misericorde_l_ange_des_confessions.png,Livre 0 - Néphilim Quintessence,Invocation de Netzach,Miscelany Dump
Danse lithique,Danse_lithique.png,Livre 0 - Néphilim Quintessence,Sortilège de Haute magie,Tony Roberts
Danseur visage,Danseur_visage.png,Livre 0 - Néphilim Quintessence,Sortilège de Haute magie,Adobe
Décryptage occulte,Decryptage_occulte.png,Livre 0 - Néphilim Quintessence,Sortilège de Haute magie,Sidney Paget
Déshydratation,Deshydratation.png,Livre 0 - Néphilim Quintessence,Sortilège de Basse magie,Arnie Swekel
Dislocation des horizons d'enluminure,Dislocation_des_horizons_d_enluminure.png,Livre 0 - Néphilim Quintessence,Formule de l'Œuvre au Noir,applesin
Don ailé,Don_aile.png,Livre 0 - Néphilim Quintessence,Sortilège de Haute magie,Steve Prescott
Doppelgänger,Doppelganger.png,Livre 0 - Néphilim Quintessence,Sortilège de Haute magie,Universal studios
Duperie lunaire,Duperie_lunaire.png,Livre 0 - Néphilim Quintessence,Sortilège de Basse magie,Marvel studios
Ecoute éolienne,Ecoute_eolienne.png,Livre 0 - Néphilim Quintessence,Sortilège de Haute magie,Eric Peterson
Elixir de l'âme et du Cinabre,Elixir_de_l_ame_et_du_Cinabre.png,Livre 0 - Néphilim Quintessence,Formule de l'Œuvre au Blanc,sciencedaily
Emission de l'appel des bêtes,Emission_de_l_appel_des_betes.png,Livre 0 - Néphilim Quintessence,Formule de l'Œuvre au Noir,Alexandre Savin
Empathie animale,Empathie_animale.png,Livre 0 - Néphilim Quintessence,Sortilège de Haute magie,Nospensées.fr
Exhalaison de persuasion,Exhalaison_de_persuasion.png,Livre 0 - Néphilim Quintessence,Formule de l'Œuvre au Noir,Antoine Gautraud
Extension élémentaire,Extension_elementaire.png,Livre 0 - Néphilim Quintessence,Sortilège de Haute magie,Chris Rahn
"Ezethiel, le souffle vital purificateur",Ezethiel_le_souffle_vital_purificateur.png,Livre 0 - Néphilim Quintessence,Invocation de Chesed,Peter Mohrbacher
Flèches guidées par la Chrysopée,Fleches_guidees_par_la_Chrysopee.png,Livre 0 - Néphilim Quintessence,Formule de l'Œuvre au Blanc,Robert West
Flegme,Flegme.png,Livre 0 - Néphilim Quintessence,Sortilège de Basse magie,Agence WEBCOM
Fugue transmatérielle du voleur de lune,Fugue_transmaterielle_du_voleur_de_lune.png,Livre 0 - Néphilim Quintessence,Formule de l'Œuvre au Blanc,Nikki Dawes
Furie pyrétique,Furie_pyretique.png,Livre 0 - Néphilim Quintessence,Sortilège de Basse magie,Satiiiva
Fusion de l'âme et de l'Escarboucle,Fusion_de_l_ame_et_de_l_Escarboucle.png,Livre 0 - Néphilim Quintessence,Formule de l'Œuvre au Blanc,Blizzard Entertainment
Fusion élémentaire,Fusion_elementaire.png,Livre 0 - Néphilim Quintessence,Sortilège de Haute magie,Sarah DeRemer
Gardiens des cinq portes d'Avalon,Gardiens_des_cinq_portes_d_Avalon.png,Livre 0 - Néphilim Quintessence,Invocation de Malkut,Fun Plus Interactive 
Glaive élémentaire,Glaive_elementaire.png,Livre 0 - Néphilim Quintessence,Sortilège de Haute magie,HBO
Grande purification,Grande_purification.png,Livre 0 - Néphilim Quintessence,Sortilège de Haute magie,billesentete
Gravité lunaire,Gravite_lunaire.png,Livre 0 - Néphilim Quintessence,Sortilège de Haute magie,Eric Deschamps
Hallucination guerrière,Hallucination_guerriere.png,Livre 0 - Néphilim Quintessence,Sortilège de Haute magie,jc-chiariello
Illusion élémentaire,Illusion_elementaire.png,Livre 0 - Néphilim Quintessence,Sortilège de Basse magie,Steven Belledin
Imitation,Imitation.png,Livre 0 - Néphilim Quintessence,Sortilège de Haute magie,ThoughtCo
Infusion de réduction des ombres,Infusion_de_reduction_des_ombres.png,Livre 0 - Néphilim Quintessence,Formule de l'Œuvre au Noir,Wizards of the coast
Jugement pyrétique,Jugement_pyretique.png,Livre 0 - Néphilim Quintessence,Sortilège de Haute magie,Metropolitan
L'absorption de l'orage nomade,L_absorption_de_l_orage_nomade.png,Livre 0 - Néphilim Quintessence,Formule de l'Œuvre au Noir,Diyphotography
L'absorption lazaréenne du baiser du lépreux,L_absorption_lazareenne_du_baiser_du_lepreux.png,Livre 0 - Néphilim Quintessence,Formule de l'Œuvre au Blanc,William Blake
L'ambre de la résurrection de la rose,L_ambre_de_la_resurrection_de_la_rose.png,Livre 0 - Néphilim Quintessence,Formule de l'Œuvre au Blanc,Ryan Yee
L'Améthyste revêtue de flammes qui arme le nord,L_Amethyste_revetue_de_flammes_qui_arme_le_nord.png,Livre 0 - Néphilim Quintessence,Invocation de Tiphereth,Soufiane Idrassi
L'ébullition du secret abyssal,L_ebullition_du_secret_abyssal.png,Livre 0 - Néphilim Quintessence,Formule de l'Œuvre au Blanc,endigar
L'éclosion de la trame arachnéenne,L_eclosion_de_la_trame_arachneenne.png,Livre 0 - Néphilim Quintessence,Formule de l'Œuvre au Blanc,500px.com
"L'esprit d'érosion, vent voyageur des montagnes d'Ararat",L_esprit_d_erosion_vent_voyageur_des_montagnes_d_Ararat.png,Livre 0 - Néphilim Quintessence,Invocation de Tiphereth,Requiem-fantasy
"L'esprit de cauchemar, effluve du fleuve du désir",L_esprit_de_cauchemar_effluve_du_fleuve_du_desir.png,Livre 0 - Néphilim Quintessence,Invocation de Yesod,beautifulamnesia
L'esprit de la 24è partie d'un instant,L_esprit_de_la_24e_partie_d_un_instant.png,Livre 0 - Néphilim Quintessence,Invocation de Hod,World of Warcraft
L'esprit de la faille fissurée des gorges dédalesques,L_esprit_de_la_faille_fissuree_des_gorges_dedalesques.png,Livre 0 - Néphilim Quintessence,Invocation de Malkut,spiralmagus
L'évaporation des scories spirituelles,L_evaporation_des_scories_spirituelles.png,Livre 0 - Néphilim Quintessence,Formule de l'Œuvre au Blanc,Djamila Knopf
"L'humble serviteur voûté, confident du roi aux mains d'or",L_humble_serviteur_voute_confident_du_roi_aux_mains_d_or.png,Livre 0 - Néphilim Quintessence,Invocation de Tiphereth,Balint Erwin
L'impeccable veilleur de la ruche aux grappes anentropiques,L_impeccable_veilleur_de_la_ruche_aux_grappes_anentropiques.png,Livre 0 - Néphilim Quintessence,Invocation de Geburah,DesignStack.Co
"L'infortuné de l'hysope, de la lune et de l'absinthe",L_infortune_de_l_hysope_de_la_lune_et_de_l_absinthe.png,Livre 0 - Néphilim Quintessence,Invocation de Chesed,Eduard von Grützner
L'irruption de la fontaine originelle,L_irruption_de_la_fontaine_originelle.png,Livre 0 - Néphilim Quintessence,Formule de l'Œuvre au Noir,cdnb
"La balance intangible du palais mordoré, gardienne de la dormance",La_balance_intangible_du_palais_mordore_gardienne_de_la_dormance.png,Livre 0 - Néphilim Quintessence,Invocation de Chesed,Bryan Larsen
"La bête qui habite au fond du labyrinthe, le fils de Béhémoth",La_bete_qui_habite_au_fond_du_labyrinthe_le_fils_de_Behemoth.png,Livre 0 - Néphilim Quintessence,Invocation de Tiphereth,Shutterstock
La coagulation du génie hermétique,La_coagulation_du_genie_hermetique.png,Livre 0 - Néphilim Quintessence,Formule de l'Œuvre au Blanc,razwit
La consécration marine du dauphin,La_consecration_marine_du_dauphin.png,Livre 0 - Néphilim Quintessence,Formule de l'Œuvre au Blanc,saatchiart
La cristallisation du cercueil de verre,La_cristallisation_du_cercueil_de_verre.png,Livre 0 - Néphilim Quintessence,Formule de l'Œuvre au Noir,PxHere
La floraison des ronces de quartz,La_floraison_des_ronces_de_quartz.png,Livre 0 - Néphilim Quintessence,Formule de l'Œuvre au Blanc,Tony Roberts
La larme de la princesse chagrine,La_larme_de_la_princesse_chagrine.png,Livre 0 - Néphilim Quintessence,Formule de l'Œuvre au Noir,runawaydevill
La métamorphose de l'animalcule incendié,La_metamorphose_de_l_animalcule_incendie.png,Livre 0 - Néphilim Quintessence,Formule de l'Œuvre au Blanc,Alan Quiroz
"La muse pétrifiée, otage servile des Gorgones",La_muse_petrifiee_otage_servile_des_Gorgones.png,Livre 0 - Néphilim Quintessence,Invocation de Hod,heartoflion
"La phalange d'airain, de cuivre et de bronze, protectrice des grottes métalliques",La_phalange_d_airain_de_cuivre_et_de_bronze_protectrice_des_grottes_metalliques.png,Livre 0 - Néphilim Quintessence,Invocation de Geburah,Hunter Schulz
La proie éternelle de la forêt aux dix mille terrasses,La_proie_eternelle_de_la_foret_aux_dix_mille_terrasses.png,Livre 0 - Néphilim Quintessence,Invocation de Yesod,Stephanie Law
"La puissante reine pâle de douleur, les larmes de flammes",La_puissante_reine_pale_de_douleur_les_larmes_de_flammes.png,Livre 0 - Néphilim Quintessence,Invocation de Netzach,Kherya
La purification des démons métalliques,La_purification_des_demons_metalliques.png,Livre 0 - Néphilim Quintessence,Formule de l'Œuvre au Noir,Tomer Hanuka
La résurrection de la dépouille du lycaon d'Apollon,La_resurrection_de_la_depouille_du_lycaon_d_Apollon.png,Livre 0 - Néphilim Quintessence,Formule de l'Œuvre au Blanc,nocookie
La retenue du souffle de la Chrysopée,La_retenue_du_souffle_de_la_Chrysopee.png,Livre 0 - Néphilim Quintessence,Formule de l'Œuvre au Noir,Yigitkoroglu
La révélation du langage des oiseaux,La_revelation_du_langage_des_oiseaux.png,Livre 0 - Néphilim Quintessence,Formule de l'Œuvre au Noir,Pierre Jayet
La vierge qui garde la source de vie,La_vierge_qui_garde_la_source_de_vie.png,Livre 0 - Néphilim Quintessence,Invocation de Netzach,LenaBwolf
"Le cortège servant, bras et jambes du sceptre impérial",Le_cortege_servant_bras_et_jambes_du_sceptre_imperial.png,Livre 0 - Néphilim Quintessence,Invocation de Chesed,Nolan Nasser
"Le filet de cristal, vaisseau du fleuve infini",Le_filet_de_cristal_vaisseau_du_fleuve_infini.png,Livre 0 - Néphilim Quintessence,Invocation de Geburah,aerobicsalmon
"Le gardien du sépulcre d'obsidienne, survivant des charniers insondables",Le_gardien_du_sepulcre_d_obsidienne_survivant_des_charniers_insondables.png,Livre 0 - Néphilim Quintessence,Invocation de Tiphereth,Alphonse Muraton
Le geôlier imprévisible des terres dévorantes,Le_geolier_imprevisible_des_terres_devorantes.png,Livre 0 - Néphilim Quintessence,Invocation de Geburah,Leonel Pecina
"Le grand architecte, constructeur de palais sublimes",Le_grand_architecte_constructeur_de_palais_sublimes.png,Livre 0 - Néphilim Quintessence,Invocation de Tiphereth,Chase Stone
"Le grand livre des hydroglyphes, la mémoire écrite pour l'éternité",Le_grand_livre_des_hydroglyphes_la_memoire_ecrite_pour_l_eternite.png,Livre 0 - Néphilim Quintessence,Invocation de Yesod,Raul Tribuzi
"Le maître centaure, disciple du sentier d'onyx",Le_maitre_centaure_disciple_du_sentier_d_onyx.png,Livre 0 - Néphilim Quintessence,Invocation de Geburah,Nils Hamm
"Le ministre de la justice, celui qui sépare la vérité du mensonge",Le_ministre_de_la_justice_celui_qui_separe_la_verite_du_mensonge.png,Livre 0 - Néphilim Quintessence,Invocation de Geburah,Saeed Faranghian
"Le ministre de paix, vêtu de béryl",Le_ministre_de_paix_vetu_de_beryl.png,Livre 0 - Néphilim Quintessence,Invocation de Hod,interesno.dn.ua
"Le ministre implacable, lampe vivante de l'autel dissimulé",Le_ministre_implacable_lampe_vivante_de_l_autel_dissimule.png,Livre 0 - Néphilim Quintessence,Invocation de Hod,pepperwolf
Le navigateur des lions écarlates,Le_navigateur_des_lions_ecarlates.png,Livre 0 - Néphilim Quintessence,Formule de l'Œuvre au Blanc,Evilwiki
Le noircissement des éléments primordiaux,Le_noircissement_des_elements_primordiaux.png,Livre 0 - Néphilim Quintessence,Formule de l'Œuvre au Noir,Paul Cézanne
Le poisson à jamais oublié dans les profondeurs du temps,Le_poisson_a_jamais_oublie_dans_les_profondeurs_du_temps.png,Livre 0 - Néphilim Quintessence,Invocation de Tiphereth,Rebecca Algie
"Le régisseur de fureur, le prince de rage couronné de jaspe",Le_regisseur_de_fureur_le_prince_de_rage_couronne_de_jaspe.png,Livre 0 - Néphilim Quintessence,Invocation de Tiphereth,Eduardo Francisco et Rudy Siswanto
"Le sarment druidique, racine des tertres oubliés",Le_sarment_druidique_racine_des_tertres_oublies.png,Livre 0 - Néphilim Quintessence,Invocation de Chesed,Anna Steinbauer
Le seigneur des courants aériens,Le_seigneur_des_courants_aeriens.png,Livre 0 - Néphilim Quintessence,Invocation de Tiphereth,Emile Denis
Le serviteur du palais des délices,Le_serviteur_du_palais_des_delices.png,Livre 0 - Néphilim Quintessence,Invocation de Netzach,berkleyillustration
"Le spectre aux sept cents bouches, l'esclave messager de Kamaël",Le_spectre_aux_sept_cents_bouches_l_esclave_messager_de_Kamael.png,Livre 0 - Néphilim Quintessence,Invocation de Malkut,TJ Frame
Lecture du savoir,Lecture_du_savoir.png,Livre 0 - Néphilim Quintessence,Sortilège de Haute magie,Benoit Théry
"Les ailes de la folie couvertes de givre, les chasseurs lunaires",Les_ailes_de_la_folie_couvertes_de_givre_les_chasseurs_lunaires.png,Livre 0 - Néphilim Quintessence,Invocation de Netzach,totmoartstudio2
"Les anges de l'aube crépusculaire, gardiens célestes du temple étincelant",Les_anges_de_l_aube_crepusculaire_gardiens_celestes_du_temple_etincelant.png,Livre 0 - Néphilim Quintessence,Invocation de Tiphereth,Aleksi Briclot
"Les Ashim, portes d'adamante aux pieds de métal",Les_Ashim_portes_d_adamante_aux_pieds_de_metal.png,Livre 0 - Néphilim Quintessence,Invocation de Malkut,frozenstarro
Les barrières alchimiques de la Chrysopée,Les_barrieres_alchimiques_de_la_Chrysopee.png,Livre 0 - Néphilim Quintessence,Formule de l'Œuvre au Noir,Jason Rainville
Les bellicistes de la plaine des douleurs mélancoliques,Les_bellicistes_de_la_plaine_des_douleurs_melancoliques.png,Livre 0 - Néphilim Quintessence,Invocation de Geburah,Nipuni
Les cavaliers armés de pied en cap de la rivière des rêves,Les_cavaliers_armes_de_pied_en_cap_de_la_riviere_des_reves.png,Livre 0 - Néphilim Quintessence,Invocation de Yesod,Victor Tivov
Les chasseresses de la forteresse aux portes-dragons,Les_chasseresses_de_la_forteresse_aux_portes_dragons.png,Livre 0 - Néphilim Quintessence,Invocation de Geburah,Tianhua Xu
"Les corbeaux cyclopes, témoins de la souffrance du Roi Pêcheur",Les_corbeaux_cyclopes_ete_moins_de_la_souffrance_du_Roi_Pecheur.png,Livre 0 - Néphilim Quintessence,Invocation de Tiphereth,Craig Kosak
Les dames qui veillent sur le lac,Les_dames_qui_veillent_sur_le_lac.png,Livre 0 - Néphilim Quintessence,Invocation de Netzach,David Kreitzer
"Les démons-chevaux, les coursiers aux yeux de braise et aux griffes de flammes",Les_demons_chevaux_les_coursiers_aux_yeux_de_braise_et_aux_griffes_de_flammes.png,Livre 0 - Néphilim Quintessence,Invocation de Tiphereth,Mourlie
Les dissolutions alchimiques de l'Escarboucle,Les_dissolutions_alchimiques_de_l_Escarboucle.png,Livre 0 - Néphilim Quintessence,Formule de l'Œuvre au Noir,aerroscape
Les dissolutions du discernement de l'Alkaest,Les_dissolutions_du_discernement_de_l_Alkaest.png,Livre 0 - Néphilim Quintessence,Formule de l'Œuvre au Noir,pixelnoizz
Les dissolutions métalliques de l'Escarboucle,Les_dissolutions_metalliques_de_l_Escarboucle.png,Livre 0 - Néphilim Quintessence,Formule de l'Œuvre au Noir,madundar
"Les écuyers armures d'azur, splendeurs de la forteresse de verre",Les_ecuyers_armures_d_azur_splendeurs_de_la_forteresse_de_verre.png,Livre 0 - Néphilim Quintessence,Invocation de Yesod,DY 33 - Blizzard Entertainement
Les enfants rieurs des flèches de Cinah,Les_enfants_rieurs_des_fleches_de_Cinah.png,Livre 0 - Néphilim Quintessence,Invocation de Hod,Raphaël
"Les esprits aux larmes de rubis, ceux qui pleurent les combattants",Les_esprits_aux_larmes_de_rubis_ceux_qui_pleurent_les_combattants.png,Livre 0 - Néphilim Quintessence,Invocation de Hod,Izzy Medrano
Les esprits aux mille bras de la forêt des ombres,Les_esprits_aux_mille_bras_de_la_foret_des_ombres.png,Livre 0 - Néphilim Quintessence,Invocation de Geburah,Andreas Rocha
"Les esprits gémissants, gardiens de l'escalier de l'Apocalypse",Les_esprits_gemissants_gardiens_de_l_escalier_de_l_Apocalypse.png,Livre 0 - Néphilim Quintessence,Invocation de Geburah,Eclectic Scriptorium
Les évaporations des humeurs antiques,Les_evaporations_des_humeurs_antiques.png,Livre 0 - Néphilim Quintessence,Formule de l'Œuvre au Noir,Dorian Legret
Les explosions ferrugineuses de la Chrysopée,Les_explosions_ferrugineuses_de_la_Chrysopee.png,Livre 0 - Néphilim Quintessence,Formule de l'Œuvre au Noir,Slawomir Maniak
"Les fils puissants, moissonneurs des dragons de feu",Les_fils_puissants_moissonneurs_des_dragons_de_feu.png,Livre 0 - Néphilim Quintessence,Invocation de Chesed,Chris Rahn
Les flammes bleues du dernier instant,Les_flammes_bleues_du_dernier_instant.png,Livre 0 - Néphilim Quintessence,Invocation de Malkut,Freepik LDD
"Les frelons de sang, fléaux écarlates de la foret brumeuse",Les_frelons_de_sang__fleaux_ecarlates_de_la_foret_brumeuse.png,Livre 0 - Néphilim Quintessence,Invocation de Hod,martina pilcerova
Les gardiens des puits de Pharphar,Les_gardiens_des_puits_de_Pharphar.png,Livre 0 - Néphilim Quintessence,Invocation de Netzach,Jesper Esjing
Les lumières des forêts de feu de Pharphar,Les_lumieres_des_forets_de_feu_de_Pharphar.png,Livre 0 - Néphilim Quintessence,Invocation de Malkut,L’Oréal Paris c.
"Les lutins au dos de nacre, jardiniers des prairies marines lumineux",Les_lutins_au_dos_de_nacre_jardiniers_des_prairies_marines_lumineux.png,Livre 0 - Néphilim Quintessence,Invocation de Yesod,Michael Kutsche
"Les mille vers du jardin corrompu, pourriture de la connaissance",Les_mille_vers_du_jardin_corrompu_pourriture_de_la_connaissance.png,Livre 0 - Néphilim Quintessence,Invocation de Chesed,Jean Siméon Chardin
"Les papillons de noirceur, interstices du puits sans fin",Les_papillons_de_noirceur_interstices_du_puits_sans_fin.png,Livre 0 - Néphilim Quintessence,Invocation de Yesod,whatsappimages
Les parfums alchimiques du Cinabre,Les_parfums_alchimiques_du_Cinabre.png,Livre 0 - Néphilim Quintessence,Formule de l'Œuvre au Noir,radiofrancealzheimer
Les porteurs de flamme de vie,Les_porteurs_de_flamme_de_vie.png,Livre 0 - Néphilim Quintessence,Invocation de Netzach,Dungeons and Dragons
Les princes du labyrinthe éclairé par une torche,Les_princes_du_labyrinthe_eclaire_par_une_torche.png,Livre 0 - Néphilim Quintessence,Invocation de Tiphereth,priteeboy
"Les princesses blanches, celles qui réparent la toile d'argent",Les_princesses_blanches_celles_qui_reparent_la_toile_d_argent.png,Livre 0 - Néphilim Quintessence,Invocation de Netzach,Alexie Aaron
"Les régents des splendeurs empalées, gouverneurs du temple étincelant",Les_regents_des_splendeurs_empalees_gouverneurs_du_temple_etincelant.png,Livre 0 - Néphilim Quintessence,Invocation de Chesed,Lorenzo Mastroianni
Les rôdeurs qui suintent des murs,Les_rodeurs_qui_suintent_des_murs.png,Livre 0 - Néphilim Quintessence,Invocation de Chesed,Orangesavannah
Les sages aux manteaux d'ombre de la montagne blanche au-delà des rivages de brume,Les_sages_aux_manteaux_d_ombre_de_la_montagne_blanche_au_dela_des_rivages_de_brume.png,Livre 0 - Néphilim Quintessence,Invocation de Hod,Spencer Ford
Les seigneurs des tourments aux casques de diamants,Les_seigneurs_des_tourments_aux_casques_de_diamants.png,Livre 0 - Néphilim Quintessence,Invocation de Chesed,Nino Is
Les sentinelles voilées de la chaussée d'onyx,Les_sentinelles_voilees_de_la_chaussee_d_onyx.png,Livre 0 - Néphilim Quintessence,Invocation de Geburah,Daniel Arrhakis
"Les Séraphim de la compassion, ceux qui apaisent les souffrances",Les_Seraphim_de_la_compassion_ceux_qui_apaisent_les_souffrances.png,Livre 0 - Néphilim Quintessence,Invocation de Yesod,"Wenceslaus Hollar, Peeter van Avont"
"Les Seraphim de ruine, les maîtres des colonnes renversées",Les_Seraphim_de_ruine_les_maitres_des_colonnes_renversees.png,Livre 0 - Néphilim Quintessence,Invocation de Yesod,Miradelphia
Les sombres gouverneurs des pouvoirs de pestilence,Les_sombres_gouverneurs_des_pouvoirs_de_pestilence.png,Livre 0 - Néphilim Quintessence,Invocation de Hod,Margo van Erkelens
Les sphères du désert des horreurs,Les_spheres_du_desert_des_horreurs.png,Livre 0 - Néphilim Quintessence,Invocation de Tiphereth,CleverLoginName
"Les tresses de myrrhe et d'Asadulas, les voix de l'inspiration",Les_tresses_de_myrrhe_et_d_Asadulas_les_voix_de_l_inspiration.png,Livre 0 - Néphilim Quintessence,Invocation de Geburah,theperian
Les vénérables avertis du désert lumineux,Les_venerables_avertis_du_desert_lumineux.png,Livre 0 - Néphilim Quintessence,Invocation de Geburah,Andre Mehala
Liqueur de bien être,Liqueur_de_bien_etre.png,Livre 0 - Néphilim Quintessence,Formule de l'Œuvre au Noir,indiaMART
Liqueur de courage,Liqueur_de_courage.png,Livre 0 - Néphilim Quintessence,Formule de l'Œuvre au Noir,Jim Warren
Liqueur du mouvant,Liqueur_du_mouvant.png,Livre 0 - Néphilim Quintessence,Formule de l'Œuvre au Blanc,Benzal
Liqueur du vivace équilibre,Liqueur_du_vivace_equilibre.png,Livre 0 - Néphilim Quintessence,Formule de l'Œuvre au Noir,Warner Bros
Longue vue,Longue_vue.png,Livre 0 - Néphilim Quintessence,Sortilège de Basse magie,Vincent Proce
Mange mémoire,Mange_memoire.png,Livre 0 - Néphilim Quintessence,Sortilège de Basse magie,Michael C. Hayes
Manipulation élémentaire,Manipulation_elementaire.png,Livre 0 - Néphilim Quintessence,Sortilège de Basse magie,Chase Stone
Manteau élémentaire,Manteau_elementaire.png,Livre 0 - Néphilim Quintessence,Sortilège de Haute magie,Steve Argyle
Membre embrasé,Membre_embrase.png,Livre 0 - Néphilim Quintessence,Sortilège de Basse magie,Jane Softease
Mémoire livresque,Memoire_livresque.png,Livre 0 - Néphilim Quintessence,Sortilège de Haute magie,Potiondevie.fr
Mémoire originelle,Memoire_originelle.png,Livre 0 - Néphilim Quintessence,Sortilège de Basse magie,Alfred Pasieka
Métal de renforcement du fluide,Metal_de_renforcement_du_fluide.png,Livre 0 - Néphilim Quintessence,Formule de l'Œuvre au Noir,Pixers
Mimétisme,Mimetisme.png,Livre 0 - Néphilim Quintessence,Sortilège de Haute magie,Ubisoft
Mnémotope,Mnemotope.png,Livre 0 - Néphilim Quintessence,Sortilège de Haute magie,Nicolas Camiade
Moisson des étoiles d'argent,Moisson_des_etoiles_d_argent.png,Livre 0 - Néphilim Quintessence,Formule de l'Œuvre au Blanc,wallsauce
Murmures aériens,Murmures_aeriens.png,Livre 0 - Néphilim Quintessence,Sortilège de Basse magie,Terese Nielsen
Muse,Muse.png,Livre 0 - Néphilim Quintessence,Sortilège de Basse magie,Fundació Gala - Salvador Dalí
Mystification lunaire de l'ardente nuit,Mystification_lunaire_de_l_ardente_nuit.png,Livre 0 - Néphilim Quintessence,Formule de l'Œuvre au Blanc,Jason Felix
Nectar des ressources insoupconnées,Nectar_des_ressources_insoupconnees.png,Livre 0 - Néphilim Quintessence,Formule de l'Œuvre au Blanc,Guan Yu Chen
Obsession,Obsession.png,Livre 0 - Néphilim Quintessence,Sortilège de Haute magie,Daniel Ljunggren
Ordre lunaire,Ordre_lunaire.png,Livre 0 - Néphilim Quintessence,Sortilège de Haute magie,Olloweb solutions
"Orthemios-Sabots d’or, celui qui veille sur les chemins de Meborack",Orthemios_Sabots_d_or_celui_qui_veille_sur_les_chemins_de_Meborack.png,Livre 0 - Néphilim Quintessence,Invocation de Chesed,Tremagne
Ouvrage de l'envoutement vaporeux,Ouvrage_de_l_envoutement_vaporeux.png,Livre 0 - Néphilim Quintessence,Formule de l'Œuvre au Blanc,Joel Robison
Palmier de la dernière rosée refuge du désert lumineux,Palmier_de_la_derniere_rosee_refuge_du_desert_lumineux.png,Livre 0 - Néphilim Quintessence,Invocation de Malkut,AnnaNwatercolors
Panacée,Panacee.png,Livre 0 - Néphilim Quintessence,Sortilège de Basse magie,Cameron Gray
Panglossie,Panglossie.png,Livre 0 - Néphilim Quintessence,Sortilège de Haute magie,Magali Villeneuve
Passion féerique,Passion_feerique.png,Livre 0 - Néphilim Quintessence,Sortilège de Haute magie,Passion féerique
Pétales de feu,Petales_de_feu.png,Livre 0 - Néphilim Quintessence,Sortilège de Basse magie,4ever.eu (LDD si non commercial)
Petit esprit du silence,Petit_esprit_du_silence.png,Livre 0 - Néphilim Quintessence,Invocation de Malkut,Eddie the Bugman
Phobie lunaire,Phobie_lunaire.png,Livre 0 - Néphilim Quintessence,Sortilège de Haute magie,nostress.news
Pieds agiles,Pieds_agiles.png,Livre 0 - Néphilim Quintessence,Sortilège de Basse magie,wikoaching
Pierre d'affûtage lumineux,Pierre_d_affutage_lumineux.png,Livre 0 - Néphilim Quintessence,Formule de l'Œuvre au Noir,wallpaperflare
Plaisir satyrique,Plaisir_satyrique.png,Livre 0 - Néphilim Quintessence,Sortilège de Haute magie,Jean Delville
Point faible,Point_faible.png,Livre 0 - Néphilim Quintessence,Sortilège de Haute magie,Javier Goma
Potion de transformation du Cinabre,Potion_de_transformation_du_Cinabre.png,Livre 0 - Néphilim Quintessence,Formule de l'Œuvre au Blanc,HBO
Poudre d'attirance,Poudre_d_attirance.png,Livre 0 - Néphilim Quintessence,Formule de l'Œuvre au Noir,Vintagetopia
Poudre de cloisonnement,Poudre_de_cloisonnement.png,Livre 0 - Néphilim Quintessence,Formule de l'Œuvre au Blanc,passage-porte.com
Poudre de crédulité,Poudre_de_credulite.png,Livre 0 - Néphilim Quintessence,Formule de l'Œuvre au Noir,Vincenzo Camuccini
Poudre de disparition,Poudre_de_disparition.png,Livre 0 - Néphilim Quintessence,Formule de l'Œuvre au Noir,happyStream
Poudre de hideur,Poudre_de_hideur.png,Livre 0 - Néphilim Quintessence,Formule de l'Œuvre au Noir,Vampire the Masquerade
Poudre de légèrete,Poudre_de_legerete.png,Livre 0 - Néphilim Quintessence,Formule de l'Œuvre au Blanc,Laurent Chehere
Poudre de magnificence,Poudre_de_magnificence.png,Livre 0 - Néphilim Quintessence,Formule de l'Œuvre au Noir,Irene Zeleskou 09
Poudre de mitraille,Poudre_de_mitraille.png,Livre 0 - Néphilim Quintessence,Formule de l'Œuvre au Blanc,fotocommunity
Poudre de souffle d'air,Poudre_de_souffle_d_air.png,Livre 0 - Néphilim Quintessence,Formule de l'Œuvre au Noir,FrAgMenT
Pourrissement,Pourrissement.png,Livre 0 - Néphilim Quintessence,Sortilège de Basse magie,Ed Kreminski
Poussière de rêves,Poussiere_de_reves.png,Livre 0 - Néphilim Quintessence,Formule de l'Œuvre au Noir,dailymail.co.uk
Précognition,Precognition.png,Livre 0 - Néphilim Quintessence,Sortilège de Haute magie,Disney
Prémonition,Premonition.png,Livre 0 - Néphilim Quintessence,Sortilège de Haute magie,Disney
Pulvérisation baveuse du dragon de suif,Pulverisation_baveuse_du_dragon_de_suif.png,Livre 0 - Néphilim Quintessence,Formule de l'Œuvre au Blanc,Timi Honkanen
Purification de l'Androgyne,Purification_de_l_Androgyne.png,Livre 0 - Néphilim Quintessence,Formule de l'Œuvre au Blanc,Bram Sels
Purification élémentaire,Purification_elementaire.png,Livre 0 - Néphilim Quintessence,Sortilège de Haute magie,Sam Burley
Rapidite,Rapidite.png,Livre 0 - Néphilim Quintessence,Sortilège de Basse magie,Andy Park
Rectification de la mesure,Rectification_de_la_mesure.png,Livre 0 - Néphilim Quintessence,Formule de l'Œuvre au Blanc,Verycooltoys
Rectification des certitudes du somnambule,Rectification_des_certitudes_du_somnambule.png,Livre 0 - Néphilim Quintessence,Formule de l'Œuvre au Blanc,Michael C. Hayes
Rectification des princes ensevelis,Rectification_des_princes_ensevelis.png,Livre 0 - Néphilim Quintessence,Formule de l'Œuvre au Blanc,Matt Stewart
Réduction de l'oeuf d'Azoth,Reduction_de_l_oeuf_d_Azoth.png,Livre 0 - Néphilim Quintessence,Formule de l'Œuvre au Noir,Lava360
Réduction de la faille du bouclier,Reduction_de_la_faille_du_bouclier.png,Livre 0 - Néphilim Quintessence,Formule de l'Œuvre au Noir,The Portalist
Réduction élémentaire,Reduction_elementaire.png,Livre 0 - Néphilim Quintessence,Formule de l'Œuvre au Noir,Pixels
Régénération,Regeneration.png,Livre 0 - Néphilim Quintessence,Sortilège de Basse magie,Désirée Delgado
Renaissance pyrétique,Renaissance_pyretique.png,Livre 0 - Néphilim Quintessence,Sortilège de Haute magie,ravenswyrd
Répulsion de l'Androgyne,Repulsion_de_l_Androgyne.png,Livre 0 - Néphilim Quintessence,Formule de l'Œuvre au Noir,Sleyf
Retenue d'eau,Retenue_d_eau.png,Livre 0 - Néphilim Quintessence,Sortilège de Basse magie,svcpastor
Réveil de l'instinct primordial,Reveil_de_l_instinct_primordial.png,Livre 0 - Néphilim Quintessence,Formule de l'Œuvre au Noir,Cliffhanger
"Sabathiel, l'apothicaire du palais des délices",Sabathiel_l_apothicaire_du_palais_des_delices.png,Livre 0 - Néphilim Quintessence,Invocation de Netzach,thestylishgipsy
"Sarn Helen, celle qui dévoile le chemin scintillant",Sarn_Helen_celle_qui_devoile_le_chemin_scintillant.png,Livre 0 - Néphilim Quintessence,Invocation de Chesed,Tamplierpainter
Science infuse,Science_infuse.png,Livre 0 - Néphilim Quintessence,Sortilège de Haute magie,France TV
Sentier chtonien,Sentier_chtonien.png,Livre 0 - Néphilim Quintessence,Sortilège de Haute magie,Lightstorm Entertainment
Séparation sommaire du crucifié,Separation_sommaire_du_crucifie.png,Livre 0 - Néphilim Quintessence,Formule de l'Œuvre au Blanc,Creapills
Silence,Silence.png,Livre 0 - Néphilim Quintessence,Sortilège de Haute magie,FZN 2020
Soma du contorsionniste,Soma_du_contorsionniste.png,Livre 0 - Néphilim Quintessence,Formule de l'Œuvre au Noir,One Piece
Son lunaire,Son_lunaire.png,Livre 0 - Néphilim Quintessence,Sortilège de Basse magie,Maryjane Claydon
Souffle pélagique,Souffle_pelagique.png,Livre 0 - Néphilim Quintessence,Sortilège de Basse magie,theriderpost
Source jaillissante,Source_jaillissante.png,Livre 0 - Néphilim Quintessence,Sortilège de Haute magie,Jeanine Gindrey
Spleen,Spleen.png,Livre 0 - Néphilim Quintessence,Sortilège de Basse magie,Edvard Munch (domaine public)
Sublimation de l'âme de l'Alkaest,Sublimation_de_l_ame_de_l_Alkaest.png,Livre 0 - Néphilim Quintessence,Formule de l'Œuvre au Blanc,Eloh Projects
Sublimation de l'Androgyne,Sublimation_de_l_Androgyne.png,Livre 0 - Néphilim Quintessence,Formule de l'Œuvre au Blanc,intheognosis
Sublimation élémentaire,Sublimation_elementaire.png,Livre 0 - Néphilim Quintessence,Sortilège de Basse magie,Anna Shoemaker
Sublimation solaire de la Chrysopée,Sublimation_solaire_de_la_Chrysopee.png,Livre 0 - Néphilim Quintessence,Formule de l'Œuvre au Blanc,earthstar01
Tornade pyrétique,Tornade_pyretique.png,Livre 0 - Néphilim Quintessence,Sortilège de Haute magie,Disney
Tragique reflet de l'Escarboucle,Tragique_reflet_de_l_Escarboucle.png,Livre 0 - Néphilim Quintessence,Formule de l'Œuvre au Blanc,Magali Villeneuve
Transfert de conscience,Transfert_de_conscience.png,Livre 0 - Néphilim Quintessence,Sortilège de Haute magie,Institut Cassiopée
Transformation de la griffe noire,Transformation_de_la_griffe_noire.png,Livre 0 - Néphilim Quintessence,Formule de l'Œuvre au Noir,weheartit
Transformation élémentaire,Transformation_elementaire.png,Livre 0 - Néphilim Quintessence,Sortilège de Basse magie,Brian Enright
Transmutation du fauve d'orfèvre,Transmutation_du_fauve_d_orfevre.png,Livre 0 - Néphilim Quintessence,Formule de l'Œuvre au Blanc,Jan Kurdman
Trouver Plexus élémentaire,Trouver_Plexus_elementaire.png,Livre 0 - Néphilim Quintessence,Sortilège de Basse magie,Steven Belledin
Vapeur de l'infaible signet,Vapeur_de_l_infaillible_signet.png,Livre 0 - Néphilim Quintessence,Formule de l'Œuvre au Noir,123RF
Vapeur des larmes de la lune bleue,Vapeur_des_larmes_de_la_lune_bleue.png,Livre 0 - Néphilim Quintessence,Formule de l'Œuvre au Noir,Josephine Wall
Vérité pyrétique,Verite_pyretique.png,Livre 0 - Néphilim Quintessence,Sortilège de Haute magie,Disney
Vision pyrétique,Vision_pyretique.png,Livre 0 - Néphilim Quintessence,Sortilège de Basse magie,Grey Hutton
Voile pentaclique,Voile_pentaclique.png,Livre 0 - Néphilim Quintessence,Sortilège de Haute magie,Paradox interactive
Vol,Vol.png,Livre 0 - Néphilim Quintessence,Sortilège de Haute magie,Criss Angel
"Zeth Adraan aux cent yeux, celui qui surveille les chemins d'Aresh",Zeth_Adraan_aux_cent_yeux_celui_qui_surveille_les_chemins_d_Aresh.png,Livre 0 - Néphilim Quintessence,Invocation de Chesed,Daniel Kamarudin
Zooglossie,Zooglossie.png,Livre 0 - Néphilim Quintessence,Sortilège de Haute magie,National geographic
Couleurs enchantées,Couleurs_enchantees.png,Livre I - Le Lion Vert,Sortilège de Haute magie,Patty Baker
"Annaëlle, la Tisseuse du Voile, gardienne des douze tours d’ivoire",Annaelle_la_Tisseuse_du_Voile_gardienne_des_douze_tours_d_ivoire.png,Livre II - Les Arcanes Majeurs,Invocation de Hokmah,Dimitra Papadimitriou
Domination animale,Domination_animale_.png,Livre II - Les Arcanes Majeurs,Sortilège de Haute magie,lesportesdeliandre
Esprit du Pentacle,Esprit_du_Pentacle.png,Livre II - Les Arcanes Majeurs,Sortilège du Grand secret,cobaltplasma
Kabbale solitaire,Kabbale_solitaire.png,Livre II - Les Arcanes Majeurs,Sortilège de Basse magie,spiritual motivation club
L'ivresse magique,L_ivresse_magique.png,Livre II - Les Arcanes Majeurs,Sortilège de Haute magie,feAr2
La dérision mortelle,La_derision_mortelle.png,Livre II - Les Arcanes Majeurs,Sortilège de Haute magie,Yue Minjun
"Les Ashim bienveillants, échansons du Château d’argent",Les_Ashim_bienveillants_echansons_du_Chateau_d_argent.png,Livre II - Les Arcanes Majeurs,Invocation de Netzach,Hollow knight
Révélation du Voile dispersé,Revelation_du_Voile_disperse.png,Livre II - Les Arcanes Majeurs,Sortilège de Haute magie,Luke Brown
Apaiser un effet-dragon,Apaiser_un_effet_dragon.png,Livre IV - Le Souffle du Dragon,Sortilège de Basse magie,Sedeptra
Appeler un effet-dragon,Appeler_un_effet_dragon.png,Livre IV - Le Souffle du Dragon,Sortilège de Basse magie,Jade Merien
Brun de Cúailnge,Brun_de_Cuailnge.png,Livre IV - Le Souffle du Dragon,Invocation de Netzach,Teresa Elliott
Contrôler un effet-dragon,Controler_un_effet_dragon.png,Livre IV - Le Souffle du Dragon,Sortilège de Haute magie,Jeff Chen CDC
Cuélebre,Cuelebre.png,Livre IV - Le Souffle du Dragon,Invocation de Hod,Sandra Andreasen
Esprit du Dragon,Esprit_du_Dragon.png,Livre IV - Le Souffle du Dragon,Sortilège de Haute magie,Ascendingstorm.com
Les Tourments de l’oubli,Les_Tourments_de_l_oubli.png,Livre IV - Le Souffle du Dragon,Invocation de Tiphereth,Blizzard
Marque du Dragon,Marque_du_Dragon.png,Livre IV - Le Souffle du Dragon,Sortilège de Basse magie,Christos Karapanos
Martyr du dragon,Martyr_du_dragon.png,Livre IV - Le Souffle du Dragon,Sortilège de Haute magie,MelyannaM
Morvarc’h,Morvarc_h.png,Livre IV - Le Souffle du Dragon,Invocation de Yesod,anawind
Révélation de la porte du Pays du crépuscule éternel,Revelation_de_la_porte_du_Pays_du_crepuscule_eternel.png,Livre IV - Le Souffle du Dragon,Sortilège de Basse magie,Roblreland
Spasmes de furies,Spasmes_de_furies.png,Livre IV - Le Souffle du Dragon,Sortilège de Haute magie,William Murray
Apaiser le chagrin,Apaiser_le_chagrin.png,Livre V - Les Selenim,Nécromancie,Shaun Tan
Asservissement,Asservissement.png,Livre V - Les Selenim,Nécromancie,Sarah Miller
Bénédiction de l’oubli,Benediction_de_l_oubli.png,Livre V - Les Selenim,Nécromancie,Giorgia Napoletano
Ceux dont le nom n’est jamais évoqué,Ceux_dont_le_nom_n_est_jamais_evoque.png,Livre V - Les Selenim,Kabbale noire,Sandra Remorseful
Chant de paix,Chant_de_paix.png,Livre V - Les Selenim,Nécromancie,Ewa Switala
Conversation,Conversation.png,Livre V - Les Selenim,Nécromancie,jasonchanart.com
Corruption,Corruption.png,Livre V - Les Selenim,Nécromancie,Wizards of the coast
Eveil,Eveil.png,Livre V - Les Selenim,Nécromancie,Assassin’s Creed Origins
Honorer les mânes,Honorer_les_manes.png,Livre V - Les Selenim,Nécromancie,Wallpaper Abyss
Larmes,Larmes.png,Livre V - Les Selenim,Kabbale noire,Sharon Johnstone
Les diligents sculpteurs de néant,Les_diligents_sculpteurs_de_neant.png,Livre V - Les Selenim,Kabbale noire,artpal.com
Les murènes toujours affamées,Les_murenes_toujours_affamees_.png,Livre V - Les Selenim,Kabbale noire,ReBeLKiMy
Les paisibles chiens du vide infini,Les_paisibles_chiens_du_vide_infini.png,Livre V - Les Selenim,Kabbale noire,Brent Hollowell
Les pleureuses silencieuses de l’éternité,Les_pleureuses_silencieuses_de_l_eternite.png,Livre V - Les Selenim,Kabbale noire,Federico Bebber
Les princes de la douce décomposition,Les_princes_de_la_douce_decomposition.png,Livre V - Les Selenim,Kabbale noire,John DeLaughter
Les ténèbres annonciatrices de chagrin,Les_tenebres_annonciatrices_de_chagrin.png,Livre V - Les Selenim,Kabbale noire,Loany
Les tortionnaires raffinés du pays des cauchemars,Les_tortionnaires_raffines_du_pays_des_cauchemars.png,Livre V - Les Selenim,Kabbale noire,Satibalzane
Les yeux omnivoyants,Les_yeux_omnivoyants.png,Livre V - Les Selenim,Kabbale noire,Naoto Hattori
Levée spectrale,Levee_spectrale.png,Livre V - Les Selenim,Nécromancie,Gaétan Weltzer
Libération,Liberation.png,Livre V - Les Selenim,Nécromancie,Yonglin Yao
Mnémosis,Mnemosis.png,Livre V - Les Selenim,Nécromancie,Lake Hurwitz
Promenade,Promenade.png,Livre V - Les Selenim,Nécromancie,boredart.com
Question,Question.png,Livre V - Les Selenim,Nécromancie,Mahealani Rodrigues
Réanimation,Reanimation.png,Livre V - Les Selenim,Nécromancie,Wizards of the coast
Retrait dans la mort,Retrait_dans_la_mort.png,Livre V - Les Selenim,Nécromancie,Death Tattoo
Semblance du défunt,Semblance_du_defunt.png,Livre V - Les Selenim,Nécromancie,myelephantworld.wordpress.com
Voix des morts,Voix_des_morts.png,Livre V - Les Selenim,Nécromancie,twitter.com/cincinati51
Vol de souvenirs,Vol_de_souvenirs.png,Livre V - Les Selenim,Nécromancie,Ben Giles
"Aquilon Maître des Bourrasques, des Grains et des Orages",Aquilon_Maitre_des_Bourrasques_des_Grains_et_des_Orages.png,Livre VII - La nouvelle Ys,Invocation de Chesed,Disney enterprises
Farandole festive du Petit Peuple des landes marécageuses,Farandole_festive_du_Petit_Peuple_des_landes_marecageuses.png,Livre VII - La nouvelle Ys,Invocation de Yesod,Moritz Stifter
La Barque d’Écume et de Nacre fendant les Lames de l’Oubli,La_Barque_d_ecume_et_de_Nacre_fendant_les_Lames_de_l_Oubli.png,Livre VII - La nouvelle Ys,Invocation de Netzach,kimsol
"Sirènes Pourpres, Silencieuses et Placides, Gardiennes des Secrets",Sirenes_Pourpres_Silencieuses_et_Placides_Gardiennes_des_Secrets.png,Livre VII - La nouvelle Ys,Invocation de Tiphereth,Sunshinebell3
Appel au vent,Appel_au_vent.png,Livre VIII - Eole,Sortilège de Haute magie,Francesa Miller
Colère de Zeus,Colere_de_Zeus.png,Livre VIII - Eole,Sortilège de Basse magie,estrepublicain
Croissance végétale,Croissance_vegetale.png,Livre VIII - Eole,Sortilège de Haute magie,wizards of the coast
Danse des Bourrasques,Danse_des_Bourrasques.png,Livre VIII - Eole,Sortilège de Haute magie,Mikhail Semaev
Esprit d’érosion,Esprit_d_erosion.png,Livre VIII - Eole,Formule de l'Œuvre au Noir,flickr
Esprit Vagabond,Esprit_Vagabond.png,Livre VIII - Eole,Sortilège de Haute magie,cobaltplasma
Lecture du ciel,Lecture_du_Ciel.png,Livre VIII - Eole,Sortilège de Basse magie,Freepik
Mémoire Envolée,Memoire_Envolee.png,Livre VIII - Eole,Sortilège de Haute magie,Ryan Alexander Lee
Moisson spontanée,Moisson_spontanee.png,Livre VIII - Eole,Sortilège de Basse magie,Audre Ziegel
Obéissance végétale,Obeissance_vegetale.png,Livre VIII - Eole,Sortilège de Basse magie,wizards of the coast
Orientation cardinale,Orientation_Cardinale.png,Livre VIII - Eole,Sortilège de Basse magie,Fine Art America
Parfum de concentration,Parfum_de_concentration.png,Livre VIII - Eole,Formule de l'Œuvre au Noir,sovet_eksperta
Rafale Protectrice,Rafale_Protectrice.png,Livre VIII - Eole,Sortilège de Basse magie,Jean-Baptiste Corot
Révélation du vent naissant,Revelation_du_vent_naissant.png,Livre VIII - Eole,Formule de l'Œuvre au Noir,Shutterstock
Souffle hydrophobe,Souffle_hydrophobe.png,Livre VIII - Eole,Formule de l'Œuvre au Noir,wizards of the coast
Vision de l’espace,Vision_de_l_espace.png,Livre VIII - Eole,Sortilège de Basse magie,MAV-NPDC
Vision du Souffle de la Vie,Vision_du_Souffle_de_la_Vie.png,Livre VIII - Eole,Sortilège de Basse magie,M. Yahoo!
Voyageur des vents,Voyageur_des_vents.png,Livre VIII - Eole,Sortilège de Haute magie,dekades8
"Gabriel, Prince des Kerubim, maître de l’illusion, pentarque de Tiphereth",Gabriel_Prince_des_Kerubim_maitre_de_l_illusion_pentarque_de_Tiphereth.png,Livre 0-I - Le Grimoire du 3ème cercle,Invocation de Tiphereth,Tremagne
"Sandolphan, princesse des Ashim, reine de la rose des vents, comtesse des points cardinaux, pentarque de Tiphereth",Sandolphan_princesse_des_Ashim_reine_de_la_rose_des_vents_comtesse_des_points_cardinaux_pentarque_de_Tiphereth.png,Livre 0-I - Le Grimoire du 3ème cercle,Invocation de Tiphereth,Tremagne
"Michaël, prince de l’entendement de cristal, tour d’ivoire tilfiridienne, pentarque de Tiphereth",Michael_prince_de_l_entendement_de_cristal_tour_d_ivoire_tilfiridienne_pentarque_de_Tiphereth.png,Livre 0-I - Le Grimoire du 3ème cercle,Invocation de Tiphereth,Tremagne
"Raphaël, le prince crucifié sur l’Arbre de vie, pentarque de Tiphereth",Raphael_le_prince_crucifie_sur_l_Arbre_de_vie_pentarque_de_Tiphereth.png,Livre 0-I - Le Grimoire du 3ème cercle,Invocation de Tiphereth,Tremagne
"Ariel, prince libéré de l’île de l’oubli, pentarque de Tiphereth",Ariel_prince_libere_de_l_ile_de_l_oubli_pentarque_de_Tiphereth.png,Livre 0-I - Le Grimoire du 3ème cercle,Invocation de Tiphereth,Tremagne
Les gardiennes des sept mystères aux épées,Les_gardiennes_des_sept_mysteres_aux_epees.png,Livre 0-I - Le Grimoire du 3ème cercle,Invocation de Geburah,Tremagne
"Adonaï Melek, les matières premières de la Création, Grand Graal d’émeraude, Maître de Malkut",Adonai_Melek_les_matieres_premieres_de_la_Creation_Grand_Graal_d_emeraude_Maitre_de_Malkut.png,Livre 0-I - Le Grimoire du 3ème cercle,Invocation de Malkut,Tremagne
"Shaddaï, le palais aux images, empereur de Yesod",Shaddai_le_palais_aux_images_empereur_de_Yesod.png,Livre 0-I - Le Grimoire du 3ème cercle,Invocation de Yesod,Tremagne
"Elohim Sabaoth, la colonne senestre, la piété et la concorde, archonte de Hod",Elohim_Sabaoth_la_colonne_senestre_la_piete_et_la_concorde_archonte_de_Hod.png,Livre 0-I - Le Grimoire du 3ème cercle,Invocation de Hod,Tremagne
"Tetragrammaton Sabaoth, la colonne dextre, le triomphant, celui qui commande les milices célestes, imperator de Netzach",Tetragrammaton_Sabaoth_la_colonne_dextre_le_triomphant_celui_qui_commande_les_milices_celestes_imperator_de_Netzach.png,Livre 0-I - Le Grimoire du 3ème cercle,Invocation de Netzach,Tremagne
"Elohim Gibor, la fureur incarnée, le taureau sauvage, tyran de Geburah",Elohim_Gibor_la_fureur_incarnee_le_taureau_sauvage_tyran_de_Geburah.png,Livre 0-I - Le Grimoire du 3ème cercle,Invocation de Geburah,Tremagne
"El, la Magnificence, source du savoir, roi de Chesed",El_la_Magnificence_source_du_savoir_roi_de_Chesed.png,Livre 0-I - Le Grimoire du 3ème cercle,Invocation de Chesed,Tremagne
"IEVE, Metarex de Binah",IEVE_Metarex_de_Binah.png,Livre 0-I - Le Grimoire du 3ème cercle,Invocation de Binah,Tremagne
"Iod Tetragrammaton, Patriarche de Hokmah",Iod_Tetragrammaton_Patriarche_de_Hokmah.png,Livre 0-I - Le Grimoire du 3ème cercle,Invocation de Hokmah,Tremagne
Fleurs des eaux,Fleurs_des_eaux.png,Livre 0-I - Le Grimoire du 3ème cercle,Sortilège du Grand secret,Tremagne
Feu dévorant,Feu_devorant.png,Livre 0-I - Le Grimoire du 3ème cercle,Sortilège du Grand secret,Tremagne
Colère végétale,Colere_vegetale.png,Livre 0-I - Le Grimoire du 3ème cercle,Sortilège du Grand secret,Tremagne
Sentier de la guerre,Sentier_de_la_guerre.png,Livre 0-I - Le Grimoire du 3ème cercle,Sortilège du Grand secret,Tremagne
Conjuration de la foudre,Conjuration_de_la_foudre.png,Livre 0-I - Le Grimoire du 3ème cercle,Sortilège du Grand secret,Tremagne
Fracture terrestre,Fracture_terrestre.png,Livre 0-I - Le Grimoire du 3ème cercle,Sortilège du Grand secret,Tremagne
Muraille d’air,Muraille_d_air.png,Livre 0-I - Le Grimoire du 3ème cercle,Sortilège du Grand secret,Tremagne
Restauration de membre,Restauration_de_membre.png,Livre 0-I - Le Grimoire du 3ème cercle,Sortilège du Grand secret,Tremagne
Corne d’abondance,Corne_d_abondance.png,Livre 0-I - Le Grimoire du 3ème cercle,Sortilège du Grand secret,Tremagne
Sentiment simulé d’appartenance,Sentiment_simule_d_appartenance.png,Livre 0-I - Le Grimoire du 3ème cercle,Sortilège du Grand secret,Tremagne
Fuite de l’eau,Fuite_de_l_eau.png,Livre 0-I - Le Grimoire du 3ème cercle,Sortilège du Grand secret,Tremagne
Génie de la Muse,Genie_de_la_Muse.png,Livre 0-I - Le Grimoire du 3ème cercle,Sortilège du Grand secret,Tremagne
Suprême métamorphose aquilin,Supreme_metamorphose_aquilin.png,Livre 0-I - Le Grimoire du 3ème cercle,Sortilège du Grand secret,Tremagne
Respiration du poisson,Respiration_du_poisson.png,Livre 0-I - Le Grimoire du 3ème cercle,Sortilège du Grand secret,Tremagne
Projection fantomatique,Projection_fantomatique.png,Livre 0-I - Le Grimoire du 3ème cercle,Sortilège du Grand secret,Tremagne
Fumée mortelle des enfers,Fumee_mortelle_des_enfers.png,Livre 0-I - Le Grimoire du 3ème cercle,Sortilège du Grand secret,Tremagne
Terre de rédemption,Terre_de_redemption.png,Livre 0-I - Le Grimoire du 3ème cercle,Sortilège du Grand secret,Tremagne
Passage sans trace,Passage_sans_trace.png,Livre 0-I - Le Grimoire du 3ème cercle,Sortilège du Grand secret,Tremagne
Cautérisation de la souffrance,Cauterisation_de_la_souffrance.png,Livre 0-I - Le Grimoire du 3ème cercle,Sortilège du Grand secret,Tremagne
Illusion de l’apparence,Illusion_de_l_apparence.png,Livre 0-I - Le Grimoire du 3ème cercle,Sortilège du Grand secret,Tremagne
Effondrement de la structure,Effondrement_de_la_structure.png,Livre 0-I - Le Grimoire du 3ème cercle,Sortilège du Grand secret,Tremagne
Livresque tactile,Livresque_tactile.png,Livre 0-I - Le Grimoire du 3ème cercle,Sortilège du Grand secret,Tremagne
Anticipation des actes,Anticipation_des_actes.png,Livre 0-I - Le Grimoire du 3ème cercle,Sortilège du Grand secret,Tremagne
Piste de sapience,Piste_de_sapience.png,Livre 0-I - Le Grimoire du 3ème cercle,Sortilège du Grand secret,Tremagne
Lire par-delà les cendres,Lire_par-dela_les_cendres.png,Livre 0-I - Le Grimoire du 3ème cercle,Sortilège du Grand secret,Tremagne
Savoir infus,Savoir_infus.png,Livre 0-I - Le Grimoire du 3ème cercle,Sortilège du Grand secret,Tremagne
Recomposition du savoir,Recomposition_du_savoir.png,Livre 0-I - Le Grimoire du 3ème cercle,Sortilège du Grand secret,Tremagne
Perception des créatures terrestres,Perception_des_creatures_terrestres.png,Livre 0-I - Le Grimoire du 3ème cercle,Sortilège du Grand secret,Tremagne
Dluie Fulla,Dluie_Fulla.png,Livre 0-I - Le Grimoire du 3ème cercle,Sortilège du Grand secret,Tremagne
Repousser le profane curieux,Repousser_le_profane_curieux.png,Livre 0-I - Le Grimoire du 3ème cercle,Sortilège du Grand secret,Tremagne
Dichetal do chennaib cnâime,Dichetal_do_chennaib_cnaime.png,Livre 0-I - Le Grimoire du 3ème cercle,Sortilège du Grand secret,Tremagne
Murmures du lac,Murmures_du_lac.png,Livre 0-I - Le Grimoire du 3ème cercle,Sortilège du Grand secret,Tremagne
Voix d’autorité,Voix_d_autorite.png,Livre 0-I - Le Grimoire du 3ème cercle,Sortilège du Grand secret,Tremagne
Relever d’entre les morts,Relever_d_entre_les_morts.png,Livre 0-I - Le Grimoire du 3ème cercle,Sortilège du Grand secret,Tremagne
Sans peur,Sans_peur.png,Livre 0-I - Le Grimoire du 3ème cercle,Sortilège du Grand secret,Tremagne
"Harabel, le roi mendiant, empereur de Pachad, celui qui attend l’apocalypse",Harabel_le_roi_mendiant_empereur_de_Pachad_celui_qui_attend_l_apocalypse.png,Livre 0-I - Le Grimoire du 3ème cercle,Invocation de Kether,Tremagne
"Eloath Daath, le mystère des cinq plaies, le crâne, le Roi pêcheur, empereur de Zakaï",Eloath_Daath_le_mystere_des_cinq_plaies_le_crane_le_Roi_pecheur_empereur_de_Zakai.png,Livre 0-I - Le Grimoire du 3ème cercle,Invocation de Kether,Tremagne
"Tsadael, emblème du delta, empereur d’Aresh, le guerrier suprême",Tsadael_embleme_du_delta_empereur_d_Aresh_le_guerrier_supreme.png,Livre 0-I - Le Grimoire du 3ème cercle,Invocation de Kether,Tremagne
"Nyamalat, l’impératrice de Meborack, le monde de l’équilibre",Nyamalat_l_imperatrice_de_Meborack_le_monde_de_l_equilibre.png,Livre 0-I - Le Grimoire du 3ème cercle,Invocation de Kether,Tremagne
"Hakamiah, celui qui érige l’univers, glorifié en toute chose, celui qui donne la victoire, empereur de Sohar",Hakamiah_celui_qui_erige_l_univers_glorifie_en_toute_chose_celui_qui_donne_la_victoire_empereur_de_Sohar.png,Livre 0-I - Le Grimoire du 3ème cercle,Invocation de Kether,Tremagne
"Shin Resh Tzabaoth, Cœur sacré, arc et flèche d’or",Shin_Resh_Tzabaoth_Cœur_sacre_arc_et_fleche_d_or.png,Livre 0-I - Le Grimoire du 3ème cercle,Invocation de Malkut,Tremagne
Les cendres incandescentes des cavernes de Pharphar,Les_cendres_incandescentes_des_cavernes_de_Pharphar.png,Livre 0-I - Le Grimoire du 3ème cercle,Invocation de Malkut,Tremagne
"Les Kerubim, esprits agiles de Tilfir",Les_Kerubim_esprits_agiles_de_Tilfir.png,Livre 0-I - Le Grimoire du 3ème cercle,Invocation de Hod,Tremagne
"Les enfants des sept tonnerres, oracles de la pureté",Les_enfants_des_sept_tonnerres_oracles_de_la_purete.png,Livre 0-I - Le Grimoire du 3ème cercle,Invocation de Yesod,Tremagne
Le prophète impassible du château d’argent,Le_prophete_impassible_du_chateau_d_argent.png,Livre 0-I - Le Grimoire du 3ème cercle,Invocation de Netzach,Tremagne
"Le flambeau radiant, veilleur de la tête de Bran",Le_flambeau_radiant_veilleur_de_la_tete_de_Bran.png,Livre 0-I - Le Grimoire du 3ème cercle,Invocation de Malkut,Tremagne
"Le souffleur de brumes, cor des anciennes batailles",Le_souffleur_de_brumes_cor_des_anciennes_batailles.png,Livre 0-I - Le Grimoire du 3ème cercle,Invocation de Hod,Tremagne
"Cyndaryl, le panier immonde sifflant, sonnant, strident",Cyndaryl_le_panier_immonde_sifflant_sonnant_strident.png,Livre 0-I - Le Grimoire du 3ème cercle,Invocation de Yesod,Tremagne
"La demoiselle sorcière, oracle du doigt du ciel",La_demoiselle_sorciere_oracle_du_doigt_du_ciel.png,Livre 0-I - Le Grimoire du 3ème cercle,Invocation de Netzach,Tremagne
"Yod Makon, seigneur sans visage, polémarque de la cité",Yod_Makon_seigneur_sans_visage_polemarque_de_la_cite.png,Livre 0-I - Le Grimoire du 3ème cercle,Invocation de Chesed,Tremagne
Le véloce des portails de flammes,Le_veloce_des_portails_de_flammes.png,Livre 0-I - Le Grimoire du 3ème cercle,Invocation de Malkut,Tremagne
"Les dithyrambes du pressoir, passions des vignes, fondations du zèle",Les_dithyrambes_du_pressoir_passions_des_vignes_fondations_du_zele.png,Livre 0-I - Le Grimoire du 3ème cercle,Invocation de Tiphereth,Tremagne
"Le miroir de vif-argent, ministre des ressemblances",Le_miroir_de_vif-argent_ministre_des_ressemblances.png,Livre 0-I - Le Grimoire du 3ème cercle,Invocation de Hod,Tremagne
Le messager aux pieds d’azur de la plaine de Thau,Le_messager_aux_pieds_d_azur_de_la_plaine_de_Thau.png,Livre 0-I - Le Grimoire du 3ème cercle,Invocation de Yesod,Tremagne
"La princesse ignorée, prophétesse des silencieux",La_princesse_ignoree_prophetesse_des_silencieux.png,Livre 0-I - Le Grimoire du 3ème cercle,Invocation de Netzach,Tremagne
Les âmes brisées aux chaînes d’adamante et aux liens d’onyx,Les_ames_brisees_aux_chaines_d_adamante_et_aux_liens_d_onyx.png,Livre 0-I - Le Grimoire du 3ème cercle,Invocation de Geburah,Tremagne
"Esh Mequriel, le feu de l’incréé, seigneur de l’aube bleuâtre",Esh_Mequriel_le_feu_de_l_incree_seigneur_de_l_aube_bleuatre.png,Livre 0-I - Le Grimoire du 3ème cercle,Invocation de Malkut,Tremagne
Celui qui luit dans les ténèbres,Celui_qui_luit_dans_les_tenebres.png,Livre 0-I - Le Grimoire du 3ème cercle,Invocation de Netzach,Tremagne
Les génies industrieux,Les_genies_industrieux.png,Livre 0-I - Le Grimoire du 3ème cercle,Invocation de Malkut,Tremagne
Les Kerubim de l’exaspération et de la confusion,Les_Kerubim_de_l_exasperation_et_de_la_confusion.png,Livre 0-I - Le Grimoire du 3ème cercle,Invocation de Yesod,Tremagne
Les sages aux clochettes,Les_sages_aux_clochettes.png,Livre 0-I - Le Grimoire du 3ème cercle,Invocation de Netzach,Tremagne
"Les âmes pendues, souvenirs vacillants dans le vent",Les_ames_pendues_souvenirs_vacillants_dans_le_vent.png,Livre 0-I - Le Grimoire du 3ème cercle,Invocation de Hod,Tremagne
Les princes du désert aux robes pourpres,Les_princes_du_desert_aux_robes_pourpres.png,Livre 0-I - Le Grimoire du 3ème cercle,Invocation de Geburah,Tremagne
"Samaël Ayn Shaddaï l’Inconstant, passeur de la rivière des rêves",Samael_Ayn_Shaddai_l_Inconstant_passeur_de_la_riviere_des_reves.png,Livre 0-I - Le Grimoire du 3ème cercle,Invocation de Yesod,Tremagne
La rumeur soupirante des eaux inférieures,La_rumeur_soupirante_des_eaux_inferieures.png,Livre 0-I - Le Grimoire du 3ème cercle,Invocation de Malkut,Tremagne
"Le prince de la spirale, gouverneur des forces de conquête",Le_prince_de_la_spirale_gouverneur_des_forces_de_conquete.png,Livre 0-I - Le Grimoire du 3ème cercle,Invocation de Geburah,Tremagne
"Les anges guerriers, hérauts de la victoire",Les_anges_guerriers_herauts_de_la_victoire.png,Livre 0-I - Le Grimoire du 3ème cercle,Invocation de Hod,Tremagne
Les procureurs dont les yeux sont des basilics de rubis,Les_procureurs_dont_les_yeux_sont_des_basilics_de_rubis.png,Livre 0-I - Le Grimoire du 3ème cercle,Invocation de Chesed,Tremagne
"Les colibris de brume, enfants jaillissant des chutes grondantes",Les_colibris_de_brume_enfants_jaillissant_des_chutes_grondantes.png,Livre 0-I - Le Grimoire du 3ème cercle,Invocation de Netzach,Tremagne
"Le monarque du zéphyr, souffle de l’escalier d’obsidienne",Le_monarque_du_zephyr_souffle_de_l_escalier_d_obsidienne.png,Livre 0-I - Le Grimoire du 3ème cercle,Invocation de Yesod,Tremagne
"Les trois sentinelles d’airain, anges d’angoisse, de désespoir et de mort",Les_trois_sentinelles_d_airain_anges_d_angoisse_de_desespoir_et_de_mort.png,Livre 0-I - Le Grimoire du 3ème cercle,Invocation de Binah,Tremagne
"Les ministres de Sathiel, ceux qui teintent le ciel de rouge",Les_ministres_de_Sathiel_ceux_qui_teintent_le_ciel_de_rouge.png,Livre 0-I - Le Grimoire du 3ème cercle,Invocation de Binah,Tremagne
Les princes des eaux de la mort,Les_princes_des_eaux_de_la_mort.png,Livre 0-I - Le Grimoire du 3ème cercle,Invocation de Binah,Tremagne
"Les ministres des apparences, miroirs faussés",Les_ministres_des_apparences_miroirs_fausses.png,Livre 0-I - Le Grimoire du 3ème cercle,Invocation de Binah,Tremagne
Les seigneurs de la plaine de chrysolite,Les_seigneurs_de_la_plaine_de_chrysolite.png,Livre 0-I - Le Grimoire du 3ème cercle,Invocation de Binah,Tremagne
Le geôlier fuligineux vêtu de brocart,Le_geolier_fuligineux_vetu_de_brocart.png,Livre 0-I - Le Grimoire du 3ème cercle,Invocation de Binah,Tremagne
Ceux qui versent sur la Terre les eaux de vision des coupes de céladon,Ceux_qui_versent_sur_la_Terre_les_eaux_de_vision_des_coupes_de_celadon.png,Livre 0-I - Le Grimoire du 3ème cercle,Invocation de Binah,Tremagne
Les gardiens vêtus d’arc-en-ciel du vaisseau à distiller le sang,Les_gardiens_vetus_d_arc-en-ciel_du_vaisseau_a_distiller_le_sang.png,Livre 0-I - Le Grimoire du 3ème cercle,Invocation de Binah,Tremagne
"Le ministre en gloire, assigneur des harpes étoilées",Le_ministre_en_gloire_assigneur_des_harpes_etoilees.png,Livre 0-I - Le Grimoire du 3ème cercle,Invocation de Binah,Tremagne
"Fée espiègle, brise-lames des grèves des naufrageurs",Fee_espiegle_brise-lames_des_greves_des_naufrageurs.png,Livre 0-I - Le Grimoire du 3ème cercle,Invocation de Binah,Tremagne
"Les miséricordes de l’éternité, les vases de sel et de miel",Les_misericordes_de_l_eternite_les_vases_de_sel_et_de_miel.png,Livre 0-I - Le Grimoire du 3ème cercle,Invocation de Binah,Tremagne
"Les voix rauques, les sœurs de vengeance vêtues d’épines",Les_voix_rauques_les_sœurs_de_vengeance_vetues_d_epines.png,Livre 0-I - Le Grimoire du 3ème cercle,Invocation de Binah,Tremagne
L’arbre de cristal vivant du jardin des glaces,L_arbre_de_cristal_vivant_du_jardin_des_glaces.png,Livre 0-I - Le Grimoire du 3ème cercle,Invocation de Binah,Tremagne
"Le limier implacable, chasseur des défilés gémissants",Le_limier_implacable_chasseur_des_defiles_gemissants.png,Livre 0-I - Le Grimoire du 3ème cercle,Invocation de Binah,Tremagne
"L’armée des navires d’ambre, les lampes de terreur",L_armee_des_navires_d_ambre_les_lampes_de_terreur.png,Livre 0-I - Le Grimoire du 3ème cercle,Invocation de Binah,Tremagne
"Les spectres aux plaisirs infinis, faucilles de chair",Les_spectres_aux_plaisirs_infinis_faucilles_de_chair.png,Livre 0-I - Le Grimoire du 3ème cercle,Invocation de Hokmah,Tremagne
Ceux qui hantent le ciel,Ceux_qui_hantent_le_ciel.png,Livre 0-I - Le Grimoire du 3ème cercle,Invocation de Hokmah,Tremagne
"Ceux qui sont parés de guirlandes, voleurs du sixième sens",Ceux_qui_sont_pares_de_guirlandes_voleurs_du_sixieme_sens.png,Livre 0-I - Le Grimoire du 3ème cercle,Invocation de Hokmah,Tremagne
Le seigneur des hypostyles aux cinq assises,Le_seigneur_des_hypostyles_aux_cinq_assises.png,Livre 0-I - Le Grimoire du 3ème cercle,Invocation de Hokmah,Tremagne
Les voix invoquantes des palais sublimes,Les_voix_invoquantes_des_palais_sublimes.png,Livre 0-I - Le Grimoire du 3ème cercle,Invocation de Hokmah,Tremagne
Le Chêne-Mémoire qui brûle tel un bûcher des arrogances,Le_Chene-Memoire_qui_brule_tel_un_bucher_des_arrogances.png,Livre 0-I - Le Grimoire du 3ème cercle,Invocation de Hokmah,Tremagne
"Le chantre à la silhouette cachée, dans l’amphithéâtre des juges impérissables",Le_chantre_a_la_silhouette_cachee_dans_l_amphitheatre_des_juges_imperissables.png,Livre 0-I - Le Grimoire du 3ème cercle,Invocation de Hokmah,Tremagne
"Minuit Tzabaoth, fille du commencement et des lendemains sacrés",Minuit_Tzabaoth_fille_du_commencement_et_des_lendemains_sacres.png,Livre 0-I - Le Grimoire du 3ème cercle,Invocation de Hokmah,Tremagne
"Les esprits puissants, roues célestes des douze tours d’ivoire",Les_esprits_puissants_roues_celestes_des_douze_tours_d_ivoire.png,Livre 0-I - Le Grimoire du 3ème cercle,Invocation de Hokmah,Tremagne
"Le gardien des embouchures du vent, sur le trône de zéphir",Le_gardien_des_embouchures_du_vent_sur_le_trone_de_zephir.png,Livre 0-I - Le Grimoire du 3ème cercle,Invocation de Hokmah,Tremagne
"Le gardien silencieux, lierre de vie au cœur de la forêt des ombres",Le_gardien_silencieux_lierre_de_vie_au_cœur_de_la_foret_des_ombres.png,Livre 0-I - Le Grimoire du 3ème cercle,Invocation de Hokmah,Tremagne
Tzeboath le clairvoyant,Tzeboath_le_clairvoyant.png,Livre 0-I - Le Grimoire du 3ème cercle,Invocation de Hokmah,Tremagne
"Les clairons d’orichalque, ministres des dissensions",Les_clairons_d_orichalque_ministres_des_dissensions.png,Livre 0-I - Le Grimoire du 3ème cercle,Invocation de Hokmah,Tremagne
"Kamaël, le démon des destructions, prince des Seraphim",Kamael_le_demon_des_destructions_prince_des_Seraphim.png,Livre 0-I - Le Grimoire du 3ème cercle,Invocation de Hokmah,Tremagne
"Azim Galizur, les anges de domination, princes de la forteresse tourmentée",Azim_Galizur_les_anges_de_domination_princes_de_la_forteresse_tourmentee.png,Livre 0-I - Le Grimoire du 3ème cercle,Invocation de Hokmah,Tremagne
"Taliahad, gardien de la source, celui qui dissipe",Taliahad_gardien_de_la_source_celui_qui_dissipe.png,Livre 0-I - Le Grimoire du 3ème cercle,Invocation de Kether,Tremagne
"Le ministre des vestiges de sel, mémoire du désert",Le_ministre_des_vestiges_de_sel_memoire_du_desert.png,Livre 0-I - Le Grimoire du 3ème cercle,Invocation de Kether,Tremagne
"Les gouverneurs des eaux noirâtres, cinq fleuves de l’oubli",Les_gouverneurs_des_eaux_noiratres_cinq_fleuves_de_l_oubli.png,Livre 0-I - Le Grimoire du 3ème cercle,Invocation de Kether,Tremagne
"Les seigneurs invincibles, capitaines de ruine et d’airain",Les_seigneurs_invincibles_capitaines_de_ruine_et_d_airain.png,Livre 0-I - Le Grimoire du 3ème cercle,Invocation de Kether,Tremagne
"Masloth, prophète de la tour lumineuse aux trois sommets",Masloth_prophete_de_la_tour_lumineuse_aux_trois_sommets.png,Livre 0-I - Le Grimoire du 3ème cercle,Invocation de Kether,Tremagne
"Les ailes couronnées d’Araboth, sentinelle d’albâtre",Les_ailes_couronnees_d_Araboth_sentinelle_d_albatre.png,Livre 0-I - Le Grimoire du 3ème cercle,Invocation de Kether,Tremagne
Les habitantes du lac des saphirs,Les_habitantes_du_lac_des_saphirs.png,Livre 0-I - Le Grimoire du 3ème cercle,Invocation de Kether,Tremagne
"Le gardien omniscient du sublime jardin, l’œil vigilant de la connaissance révélée",Le_gardien_omniscient_du_sublime_jardin_l_œil_vigilant_de_la_connaissance_revelee.png,Livre 0-I - Le Grimoire du 3ème cercle,Invocation de Kether,Tremagne
Amalgame des dragons hermétiques,Amalgame_des_dragons_hermetiques.png,Livre 0-I - Le Grimoire du 3ème cercle,Formule de l'Œuvre au Rouge,Tremagne
Rectification du Compact occulte,Rectification_du_Compact_occulte.png,Livre 0-I - Le Grimoire du 3ème cercle,Formule de l'Œuvre au Rouge,Tremagne
Perfection de l’avatar royal,Perfection_de_l_avatar_royal.png,Livre 0-I - Le Grimoire du 3ème cercle,Formule de l'Œuvre au Rouge,Tremagne
Calcination de la morsure fuligineuse,Calcination_de_la_morsure_fuligineuse.png,Livre 0-I - Le Grimoire du 3ème cercle,Formule de l'Œuvre au Rouge,Tremagne
Perfection du porteur de lumière,Perfection_du_porteur_de_lumiere.png,Livre 0-I - Le Grimoire du 3ème cercle,Formule de l'Œuvre au Rouge,Tremagne
Alliage du souverain élémentaire,Alliage_du_souverain_elementaire.png,Livre 0-I - Le Grimoire du 3ème cercle,Formule de l'Œuvre au Rouge,Tremagne
Conjonction du refuge hermétique,Conjonction_du_refuge_hermetique.png,Livre 0-I - Le Grimoire du 3ème cercle,Formule de l'Œuvre au Rouge,Tremagne
Le Mercure des philosophes,Le_Mercure_des_philosophes.png,Livre 0-I - Le Grimoire du 3ème cercle,Formule de l'Œuvre au Rouge,Tremagne
Soufre de l’illumination aurifère,Soufre_de_l_illumination_aurifere.png,Livre 0-I - Le Grimoire du 3ème cercle,Formule de l'Œuvre au Rouge,Tremagne
Rectification du royaume hermétique,Rectification_du_royaume_hermetique.png,Livre 0-I - Le Grimoire du 3ème cercle,Formule de l'Œuvre au Rouge,Tremagne
Projection du lieu d’éternité,Projection_du_lieu_d_eternite.png,Livre 0-I - Le Grimoire du 3ème cercle,Formule de l'Œuvre au Rouge,Tremagne
Projection de la barrière de cendres,Projection_de_la_barriere_de_cendres.png,Livre 0-I - Le Grimoire du 3ème cercle,Formule de l'Œuvre au Rouge,Tremagne
Transmutation du locus amoenus,Transmutation_du_locus_amoenus.png,Livre 0-I - Le Grimoire du 3ème cercle,Formule de l'Œuvre au Rouge,Tremagne
Mutation de la couronne élémentaire,Mutation_de_la_couronne_elementaire.png,Livre 0-I - Le Grimoire du 3ème cercle,Formule de l'Œuvre au Rouge,Tremagne
Transmutation du monolithe primordial,Transmutation_du_monolithe_primordial.png,Livre 0-I - Le Grimoire du 3ème cercle,Formule de l'Œuvre au Rouge,Tremagne
Pulvérisation de la prison élémentaire,Pulverisation_de_la_prison_elementaire.png,Livre 0-I - Le Grimoire du 3ème cercle,Formule de l'Œuvre au Rouge,Tremagne
Séparation du Vipérin hermétique,Separation_du_Viperin_hermetique.png,Livre 0-I - Le Grimoire du 3ème cercle,Formule de l'Œuvre au Rouge,Tremagne
Séparation de l’ancre arkhémique,Separation_de_l_ancre_arkhemique.png,Livre 0-I - Le Grimoire du 3ème cercle,Formule de l'Œuvre au Rouge,Tremagne
Décomposition des aptitudes de jadis,Decomposition_des_aptitudes_de_jadis.png,Livre 0-I - Le Grimoire du 3ème cercle,Formule de l'Œuvre au Rouge,Tremagne
La Pierre philosophale,La_Pierre_philosophale.png,Livre 0-I - Le Grimoire du 3ème cercle,Formule de l'Œuvre au Rouge,Tremagne
Teinture de perfection mercurielle,Teinture_de_perfection_mercurielle.png,Livre 0-I - Le Grimoire du 3ème cercle,Formule de l'Œuvre au Rouge,Tremagne
Dissolvant universel,Dissolvant_universel.png,Livre 0-I - Le Grimoire du 3ème cercle,Formule de l'Œuvre au Rouge,Tremagne
Eau régale du métamorphe de lumière,Eau_regale_du_metamorphe_de_lumiere.png,Livre 0-I - Le Grimoire du 3ème cercle,Formule de l'Œuvre au Rouge,Tremagne
Eau-forte des ressemblances ancestrales,Eau-forte_des_ressemblances_ancestrales.png,Livre 0-I - Le Grimoire du 3ème cercle,Formule de l'Œuvre au Rouge,Tremagne
Distillation de la rosace solaire,Distillation_de_la_rosace_solaire.png,Livre 0-I - Le Grimoire du 3ème cercle,Formule de l'Œuvre au Rouge,Tremagne
Cibation de la fontaine des savoirs,Cibation_de_la_fontaine_des_savoirs.png,Livre 0-I - Le Grimoire du 3ème cercle,Formule de l'Œuvre au Rouge,Tremagne
Liquéfaction de la prison élémentaire,Liquefaction_de_la_prison_elementaire.png,Livre 0-I - Le Grimoire du 3ème cercle,Formule de l'Œuvre au Rouge,Tremagne
Cibation du corps hermétique,Cibation_du_corps_hermetique.png,Livre 0-I - Le Grimoire du 3ème cercle,Formule de l'Œuvre au Rouge,Tremagne
L’Or potable,L_Or_potable.png,Livre 0-I - Le Grimoire du 3ème cercle,Formule de l'Œuvre au Rouge,Tremagne
Élixir de longue vie,Elixir_de_longue_vie.png,Livre 0-I - Le Grimoire du 3ème cercle,Formule de l'Œuvre au Rouge,Tremagne
Esprit du millième matin,Esprit_du_millieme_matin.png,Livre 0-I - Le Grimoire du 3ème cercle,Formule de l'Œuvre au Rouge,Tremagne
Exaltation de l’ubiquité hermétique,Exaltation_de_l_ubiquite_hermetique.png,Livre 0-I - Le Grimoire du 3ème cercle,Formule de l'Œuvre au Rouge,Tremagne
Circulation des savoirs anciens,Circulation_des_savoirs_anciens.png,Livre 0-I - Le Grimoire du 3ème cercle,Formule de l'Œuvre au Rouge,Tremagne
Évaporation de l’esprit de Mnémos,Evaporation_de_l_esprit_de_Mnemos.png,Livre 0-I - Le Grimoire du 3ème cercle,Formule de l'Œuvre au Rouge,Tremagne
Exaltation de la quintessence élémentaire,Exaltation_de_la_quintessence_elementaire.png,Livre 0-I - Le Grimoire du 3ème cercle,Formule de l'Œuvre au Rouge,Tremagne
Révélation des inspirations secrètes,Revelation_des_inspirations_secretes.png,Livre 0-I - Le Grimoire du 3ème cercle,Formule de l'Œuvre au Rouge,Tremagne
Ébullition des bouffées malignes,Ebullition_des_bouffees_malignes.png,Livre 0-I - Le Grimoire du 3ème cercle,Formule de l'Œuvre au Rouge,Tremagne
Coïncidence des contraires,Coincidence_des_contraires.png,Livre 0-I - Le Grimoire du 3ème cercle,Formule de l'Œuvre au Rouge,Tremagne
Esprit de la Quintessence,Esprit_de_la_Quintessence.png,Livre 0-I - Le Grimoire du 3ème cercle,Formule de l'Œuvre au Rouge,Tremagne
L’Esprit universel,L_Esprit_universel.png,Livre 0-I - Le Grimoire du 3ème cercle,Formule de l'Œuvre au Rouge,Tremagne
Germination de l’éden perdu,Germination_de_l_eden_perdu.png,Livre 0-I - Le Grimoire du 3ème cercle,Formule de l'Œuvre au Rouge,Tremagne
Éclosion du deuxième sexe,Eclosion_du_deuxieme_sexe.png,Livre 0-I - Le Grimoire du 3ème cercle,Formule de l'Œuvre au Rouge,Tremagne
Cristallisation du corpuscule arkhémique,Cristallisation_du_corpuscule_arkhemique.png,Livre 0-I - Le Grimoire du 3ème cercle,Formule de l'Œuvre au Rouge,Tremagne
Gémellation du corpuscule arkhémique,Gemellation_du_corpuscule_arkhemique.png,Livre 0-I - Le Grimoire du 3ème cercle,Formule de l'Œuvre au Rouge,Tremagne
Cristallisation de l’enveloppe solaire,Cristallisation_de_l_enveloppe_solaire.png,Livre 0-I - Le Grimoire du 3ème cercle,Formule de l'Œuvre au Rouge,Tremagne
Fermentation de la chimère solaire,Fermentation_de_la_chimere_solaire.png,Livre 0-I - Le Grimoire du 3ème cercle,Formule de l'Œuvre au Rouge,Tremagne
Régénération de l’hermaphrodite alchimique,Regeneration_de_l_hermaphrodite_alchimique.png,Livre 0-I - Le Grimoire du 3ème cercle,Formule de l'Œuvre au Rouge,Tremagne
Cocon de transmutation arkhémique,Cocon_de_transmutation_arkhemique.png,Livre 0-I - Le Grimoire du 3ème cercle,Formule de l'Œuvre au Rouge,Tremagne
Éclosion du jumeau hermétique,Eclosion_du_jumeau_hermetique.png,Livre 0-I - Le Grimoire du 3ème cercle,Formule de l'Œuvre au Rouge,Tremagne
Génération du vitellus de transcendance,Generation_du_vitellus_de_transcendance.png,Livre 0-I - Le Grimoire du 3ème cercle,Formule de l'Œuvre au Rouge,Tremagne
Noces chymiques de l’Œuf alchimique,Noces_chymiques_de_l_Œuf_alchimique.png,Livre 0-I - Le Grimoire du 3ème cercle,Formule de l'Œuvre au Rouge,Tremagne
Larmes fatales de la bohémienne,Larmes_fatales_de_la_bohemienne.png,Livre 0-I - Le Grimoire du 3ème cercle,Formule de l'Œuvre au Blanc,Tremagne
"Shor Kanaf, seigneur du labyrinthe éclairé par une torche",Shor_Kanaf_seigneur_du_labyrinthe_eclaire_par_une_torche.png,Livre XIV - Constellation,Invocation de Tiphereth,Tremagne
"Alon, oblitérateur caché de la mémoire d’un autre",Alon_obliterateur_cache_de_la_memoire_d_un_autre,Livre 0-II - Les Codex Élémentaires,Invocation de Yesod,Tremagne
"Belnios le cardinal, Grand cerf des forêts de feu de Pharphar",Belnios_le_cardinal_Grand_cerf_des_forets_de_feu_de_Pharphar,Livre 0-II - Les Codex Élémentaires,Invocation de Malkut,Tremagne
Bourdonnement de la ruche,Bourdonnement_de_la_ruche,Livre 0-II - Les Codex Élémentaires,Sortilège de Haute magie,Tremagne
Brisure ivoirine,Brisure_ivoirine,Livre 0-II - Les Codex Élémentaires,Sortilège de Haute magie,Tremagne
Change mémoire,Change_memoire,Livre 0-II - Les Codex Élémentaires,Sortilège de Basse magie,Tremagne
Combustion des crocs solaires,Combustion_des_crocs_solaires,Livre 0-II - Les Codex Élémentaires,Formule de l'Œuvre au Blanc,Tremagne
Communion symbiotique de l’Effet-Dragon,Communion_symbiotique_de_l_Effet-Dragon,Livre 0-II - Les Codex Élémentaires,Sortilège de Haute magie,Tremagne
Coordination aquatique,Coordination_aquatique,Livre 0-II - Les Codex Élémentaires,Sortilège de Basse magie,Tremagne
Cristallisation  du verbe mirifique,Cristallisation_du_verbe_mirifique,Livre 0-II - Les Codex Élémentaires,Formule de l'Œuvre au Blanc,Tremagne
"Cyrielle, la duchesse des chutes inversées, Maîtresse du Verbe figé",Cyrielle_la_duchesse_des_chutes_inversees_Maitresse_du_Verbe_fige,Livre 0-II - Les Codex Élémentaires,Invocation de Geburah,Tremagne
Décomposition du principe mercuriel,Decomposition_du_principe_mercuriel,Livre 0-II - Les Codex Élémentaires,Formule de l'Œuvre au Blanc,Tremagne
Dissolution définitive de l’oubli,Dissolution_definitive_de_l_oubli,Livre 0-II - Les Codex Élémentaires,Formule de l'Œuvre au Noir,Tremagne
Éclosion du  troisième genre,Eclosion_du_troisieme_genre,Livre 0-II - Les Codex Élémentaires,Formule de l'Œuvre au Rouge,Tremagne
Empathie pyrétique,Empathie_pyretique,Livre 0-II - Les Codex Élémentaires,Sortilège de Haute magie,Tremagne
Feu matinal,Feu_matinal,Livre 0-II - Les Codex Élémentaires,Sortilège de Basse magie,Tremagne
Fixation des engrenages,Fixation_des_engrenages,Livre 0-II - Les Codex Élémentaires,Sortilège de Haute magie,Tremagne
Fixation des hérauts sanguinaires,Fixation_des_herauts_sanguinaires,Livre 0-II - Les Codex Élémentaires,Formule de l'Œuvre au Noir,Tremagne
"Iaos, le baudrier infini du Roi-Dragon",Iaos_le_baudrier_infini_du_Roi-Dragon,Livre 0-II - Les Codex Élémentaires,Invocation de Geburah,Tremagne
Implacabilité pyrétique,Implacabilite_pyretique,Livre 0-II - Les Codex Élémentaires,Sortilège de Haute magie,Tremagne
Jamais dépourvu,Jamais_depourvu,Livre 0-II - Les Codex Élémentaires,Sortilège de Basse magie,Tremagne
L’éminente meute duveteuse des derniers instants,L_eminente_meute_duveteuse_des_derniers_instants,Livre 0-II - Les Codex Élémentaires,Invocation de Tiphereth,Tremagne
L’infaillible boussole aux aimants inflexibles,L_infaillible_boussole_aux_aimants_inflexibles,Livre 0-II - Les Codex Élémentaires,Formule de l'Œuvre au Blanc,Tremagne
L’iris de la flèche d’Artémis,L_iris_de_la_fleche_d_Artemis,Livre 0-II - Les Codex Élémentaires,Formule de l'Œuvre au Blanc,Tremagne
La Porteuse de Bouclier des légions carmines,La_Porteuse_de_Bouclier_des_legions_carmines,Livre 0-II - Les Codex Élémentaires,Invocation de Netzach,Tremagne
La graine du verbe aérien,La_graine_du_verbe_aerien,Livre 0-II - Les Codex Élémentaires,Formule de l'Œuvre au Noir,Tremagne
"La lanternière extatique des Grottes métalliques, lutine maîtresse des mensonges",La_lanterniere_extatique_des_Grottes_metalliques_lutine_maitresse_des_mensonges,Livre 0-II - Les Codex Élémentaires,Invocation de Geburah,Tremagne
La saumure hypnotique,La_saumure_hypnotique,Livre 0-II - Les Codex Élémentaires,Formule de l'Œuvre au Blanc,Tremagne
"Le Buveur assoiffé, celui qui trinque du désarroi des défunts",Le_Buveur_assoiffe_celui_qui_trinque_du_desarroi_des_defunts,Livre 0-II - Les Codex Élémentaires,Invocation de Yesod,Tremagne
"Le Cavalier à la targe parcheminée, archiviste des blasons prestigieux",Le_Cavalier_a_la_targe_parcheminee_archiviste_des_blasons_prestigieux,Livre 0-II - Les Codex Élémentaires,Invocation de Hod,Tremagne
"Le Limier rauque, esprit de vengeance dans la spirale égarante",Le_Limier_rauque_esprit_de_vengeance_dans_la_spirale_egarante,Livre 0-II - Les Codex Élémentaires,Invocation de Geburah,Tremagne
"Le bourreleur inflexible, ministre de la montagne d’Ararat",Le_bourreleur_inflexible_ministre_de_la_montagne_d_Ararat,Livre 0-II - Les Codex Élémentaires,Invocation de Tiphereth,Tremagne
Le doigt glacé de la mort,Le_doigt_glace_de_la_mort,Livre 0-II - Les Codex Élémentaires,Sortilège de Haute magie,Tremagne
Le flûtiste à la peau de renard et aux cordes de chanvre,Le_flutiste_a_la_peau_de_renard_et_aux_cordes_de_chanvre,Livre 0-II - Les Codex Élémentaires,Invocation de Chesed,Tremagne
Le lucane blanc du ardin des nuits sans lune,Le_lucane_blanc_du_ardin_des_nuits_sans_lune,Livre 0-II - Les Codex Élémentaires,Invocation de Geburah,Tremagne
Le nouveau fils de Mercure,Le_nouveau_fils_de_Mercure,Livre 0-II - Les Codex Élémentaires,Sortilège de Haute magie,Tremagne
Le prince du sel de sagesse,Le_prince_du_sel_de_sagesse,Livre 0-II - Les Codex Élémentaires,Invocation de Netzach,Tremagne
"Le rapace du zénith, griffes glacées du firmament",Le_rapace_du_zenith_griffes_glacees_du_firmament,Livre 0-II - Les Codex Élémentaires,Invocation de Malkut,Tremagne
Le refrain fantasmatique de la danse du pendu,Le_refrain_fantasmatique_de_la_danse_du_pendu,Livre 0-II - Les Codex Élémentaires,Formule de l'Œuvre au Noir,Tremagne
Le temps d’un cycle,Le_temps_d_un_cycle,Livre 0-II - Les Codex Élémentaires,Sortilège de Haute magie,Tremagne
Le vagabond céleste de Chesed,Le_vagabond_celeste_de_Chesed,Livre 0-II - Les Codex Élémentaires,Invocation de Chesed,Tremagne
Les Follets bricoleurs de la cité de plomb,Les_Follets_bricoleurs_de_la_cite_de_plomb,Livre 0-II - Les Codex Élémentaires,Invocation de Netzach,Tremagne
"Les Tarshishim souriants, sentinelles du château d’argent",Les_Tarshishim_souriants_sentinelles_du_chateau_d_argent,Livre 0-II - Les Codex Élémentaires,Invocation de Netzach,Tremagne
"Les esprits industrieux, ceux qui habitent la tour aux corbeaux",Les_esprits_industrieux_ceux_qui_habitent_la_tour_aux_corbeaux,Livre 0-II - Les Codex Élémentaires,Invocation de Tiphereth,Tremagne
"Les mirages du désert lumineux, incarnation de la foule dupliquée",Les_mirages_du_desert_lumineux_incarnation_de_la_foule_dupliquee,Livre 0-II - Les Codex Élémentaires,Invocation de Malkut,Tremagne
Les véloces moteurs de la locomotion,Les_veloces_moteurs_de_la_locomotion,Livre 0-II - Les Codex Élémentaires,Invocation de Tiphereth,Tremagne
Liqueur de mémoire,Liqueur_de_memoire,Livre 0-II - Les Codex Élémentaires,Formule de l'Œuvre au Noir,Tremagne
Mains invisibles,Mains_invisibles,Livre 0-II - Les Codex Élémentaires,Sortilège de Basse magie,Tremagne
Manne du faible,Manne_du_faible,Livre 0-II - Les Codex Élémentaires,Sortilège de Basse magie,Tremagne
Moisson des étoiles d’argent,Moisson_des_etoiles_d_argent,Livre 0-II - Les Codex Élémentaires,Formule de l'Œuvre au Blanc,Tremagne
Mutation de pierre saline,Mutation_de_pierre_saline,Livre 0-II - Les Codex Élémentaires,Formule de l'Œuvre au Blanc,Tremagne
Onction du Tombeau des profanes,Onction_du_Tombeau_des_profanes,Livre 0-II - Les Codex Élémentaires,Formule de l'Œuvre au Blanc,Tremagne
Péché d’Aldebaran,Peche_d_Aldebaran,Livre 0-II - Les Codex Élémentaires,Sortilège de Haute magie,Tremagne
Pensée contraire,Pensee_contraire,Livre 0-II - Les Codex Élémentaires,Sortilège de Basse magie,Tremagne
Poudre des brasiers,Poudre_des_brasiers,Livre 0-II - Les Codex Élémentaires,Formule de l'Œuvre au Noir,Tremagne
Poudre sans tain,Poudre_sans_tain,Livre 0-II - Les Codex Élémentaires,Formule de l'Œuvre au Noir,Tremagne
Poussière de soumission,Poussiere_de_soumission,Livre 0-II - Les Codex Élémentaires,Formule de l'Œuvre au Noir,Tremagne
Refuge du moribond,Refuge_du_moribond,Livre 0-II - Les Codex Élémentaires,Sortilège de Haute magie,Tremagne
Sculpture de l’Amalgame aquatique,Sculpture_de_l_Amalgame_aquatique,Livre 0-II - Les Codex Élémentaires,Formule de l'Œuvre au Blanc,Tremagne
Silicification solaire,Silicification_solaire,Livre 0-II - Les Codex Élémentaires,Sortilège de Haute magie,Tremagne
Sonder le tréfonds,Sonder_le_trefonds,Livre 0-II - Les Codex Élémentaires,Sortilège de Basse magie,Tremagne
Sublime dissolution des composantes de l’être,Sublime_dissolution_des_composantes_de_l_etre,Livre 0-II - Les Codex Élémentaires,Formule de l'Œuvre au Rouge,Tremagne
Symbiose protectrice de l’Effet-Dragon,Symbiose_protectrice_de_l_Effet-Dragon,Livre 0-II - Les Codex Élémentaires,Sortilège de Haute magie,Tremagne
Transmutation néo-alchimique,Transmutation_neo-alchimique,Livre 0-II - Les Codex Élémentaires,Sortilège de Haute magie,Tremagne
Œil du cyclone,Œil_du_cyclone,Livre 0-II - Les Codex Élémentaires,Sortilège de Haute magie,Tremagne